platform,kind,gene,mu,sd
v3,ieg,Btg2,0.4150781333446503,1.3071461915969849
v3,ieg,Egr1,0.4941853582859039,1.7710243463516235
v3,ieg,Fos,0.6217091679573059,1.6351079940795898
v3,ieg,Fosb,0.17843669652938846,0.8255748748779297
v3,ieg,Gm13889,0.16882281005382538,1.0852601528167725
v3,ieg,Junb,0.2799151539802551,1.3436084985733032
v3,ieg,Nr4a1,0.9737211465835572,2.419721364974976
v3,ieg,Nr4a2,0.07783086597919464,0.634416401386261
v3,ieg,Pcdh10,3.1392767429351807,7.2659125328063965
v3,ieg,Srxn1,0.8347423672676086,1.9029703140258791
v3,act,1110004E09Rik,2.9768970012664795,2.587012529373169
v3,act,1110008P14Rik,2.3505196571350098,2.232275009155273
v3,act,1700016K19Rik,1.9393393993377688,2.1490488052368164
v3,act,1810058I24Rik,0.8201693892478943,1.333064317703247
v3,act,2010107E04Rik,9.477553367614746,4.816626071929932
v3,act,2210016L21Rik,2.950725078582764,2.652377128601074
v3,act,2410004P03Rik,1.570624589920044,1.9178792238235476
v3,act,2410015M20Rik,2.5555920600891118,2.3329548835754395
v3,act,6430548M08Rik,1.3719589710235596,1.9196864366531368
v3,act,9530034E10Rik,0.9435927867889404,2.1195447444915767
v3,act,A430035B10Rik,1.7657390832901,2.3424184322357178
v3,act,Abhd16a,5.870199680328369,3.7857282161712646
v3,act,Acbd7,13.256425857543945,6.108069896697997
v3,act,Actr1b,2.5392067432403564,2.4397687911987305
v3,act,Adh5,3.080305814743042,2.591442584991455
v3,act,Aebp2,1.1207631826400757,1.641873121261597
v3,act,Aes,2.4295923709869385,2.321178436279297
v3,act,Ago2,1.4017618894577026,1.857513785362244
v3,act,Ahi1,3.3793630599975586,3.0415656566619877
v3,act,Ak1,10.392345428466797,5.729388236999513
v3,act,Ak2,0.946707844734192,1.5068807601928709
v3,act,Anapc16,1.5978050231933594,1.8690402507781985
v3,act,Ankrd10,1.2359530925750732,1.807138204574585
v3,act,Ankrd54,2.2595670223236084,2.3973093032836914
v3,act,Anp32a,1.540934443473816,1.839791774749756
v3,act,Ap1g1,0.7220919728279114,1.2542706727981567
v3,act,Arfgef3,0.7823578715324402,1.375584840774536
v3,act,Arglu1,5.706154823303223,4.0157856941223145
v3,act,Arhgap17,0.8372781872749329,1.4370137453079224
v3,act,Arhgdig,3.4341444969177246,3.0608642101287837
v3,act,Arhgef28,1.959004640579224,2.19312596321106
v3,act,Arid5b,0.374826580286026,0.9712153673171996
v3,act,Arih1,0.8000910878181458,1.336107611656189
v3,act,Arl6,2.520087242126465,2.2990186214447017
v3,act,Arpc5l,3.0105407238006587,2.5713915824890137
v3,act,Ascc1,1.836639761924744,2.251187801361084
v3,act,Atf5,39.02950286865234,13.085004806518555
v3,act,Atox1,22.98014831542969,10.506744384765623
v3,act,Atp1a1,14.644317626953125,6.949216842651367
v3,act,Atp2b1,3.223118305206299,2.8581664562225337
v3,act,Atp5j,10.432446479797363,4.958576202392578
v3,act,Atp5k,9.191612243652344,4.9671053886413565
v3,act,Atp5o,11.658409118652346,5.526094436645508
v3,act,Atp6v1f,2.720134973526001,2.3464527130126958
v3,act,Auh,1.179423689842224,1.5629876852035522
v3,act,Azin1,1.1150628328323364,1.5840730667114258
v3,act,B230118H07Rik,1.8091827630996704,1.9990087747573853
v3,act,BC005537,1.6608794927597046,1.941068410873413
v3,act,BC005561,2.1051113605499268,2.372433662414551
v3,act,Bad,1.7040894031524658,1.950801372528076
v3,act,Bax,1.5555648803710938,1.806494951248169
v3,act,Bbs4,1.535885214805603,1.855300545692444
v3,act,Bcl11a,1.6556705236434937,2.0407538414001465
v3,act,Bcl7a,2.6272165775299072,2.602407932281494
v3,act,Bex3,2.5956718921661377,2.365006446838379
v3,act,Bmpr1a,0.4036950170993805,0.9447285532951356
v3,act,Bmpr2,1.5830144882202148,1.983750581741333
v3,act,Bphl,1.6493034362792969,1.9090424776077268
v3,act,Braf,1.2761540412902832,1.7187271118164062
v3,act,Brinp2,1.4763849973678589,1.98034930229187
v3,act,Btg2,0.3086793124675751,1.0864177942275999
v3,act,C1qbp,1.3971542119979858,1.7448377609252932
v3,act,Cacna1h,1.8392375707626345,2.1091878414154053
v3,act,Cbr1,1.4362508058547974,1.7374728918075562
v3,act,Cby1,2.3744301795959477,2.3522768020629883
v3,act,Ccdc157,3.1307482719421387,2.7754099369049072
v3,act,Ccdc189,1.3604719638824463,1.7895089387893677
v3,act,Ccdc28b,1.3212199211120603,1.8198314905166624
v3,act,Ccdc34,2.8711426258087163,2.6786551475524902
v3,act,Ccdc40,1.3338220119476318,1.7786314487457275
v3,act,Cd47,3.690870761871338,3.235377550125122
v3,act,Cd82,1.5798760652542114,1.9441756010055544
v3,act,Cdc14a,0.6118204593658447,1.1988962888717651
v3,act,Cdkn1a,1.004678726196289,1.8757094144821167
v3,act,Cebpb,1.9673215150833132,2.60504150390625
v3,act,Cenpx,1.3969619274139404,1.7530468702316284
v3,act,Cep290,2.9684233665466313,2.8992393016815186
v3,act,Cers5,1.9181888103485107,2.0729880332946777
v3,act,Cfap126,2.799328565597534,3.026288747787476
v3,act,Cfap69,5.6480793952941895,3.846082210540772
v3,act,Chd4,2.7064013481140137,2.6623353958129883
v3,act,Cib1,2.0520293712615967,2.1205472946166988
v3,act,Cidea,2.230914831161499,3.79719352722168
v3,act,Cirbp,4.6753106117248535,3.390326738357544
v3,act,Cisd1,5.439599514007568,3.304521083831787
v3,act,Clcn3,1.1094143390655518,1.61100435256958
v3,act,Cldn3,2.5603067874908447,2.6777091026306152
v3,act,Cldn9,2.0974378585815434,2.234474897384644
v3,act,Cngb1,3.600388765335083,3.010298252105713
v3,act,Cnppd1,1.59026300907135,1.9717788696289065
v3,act,Coa3,1.770859956741333,1.9424872398376465
v3,act,Commd6,1.749031662940979,1.907970070838928
v3,act,Cpeb4,1.4652882814407349,1.9345289468765257
v3,act,Cry2,0.6860823035240173,1.268301010131836
v3,act,Ctsa,2.156196117401123,2.24582314491272
v3,act,Ctxn3,15.472577095031738,8.686081886291504
v3,act,Cuta,1.69222092628479,1.9093585014343264
v3,act,D1Ertd622e,0.5370611548423767,1.1701991558074951
v3,act,D430042O09Rik,2.042348623275757,2.227952480316162
v3,act,Daam1,0.6110126376152039,1.2304586172103882
v3,act,Ddx3x,1.5941534042358398,1.9696022272109983
v3,act,Ddx5,18.8911075592041,7.262242317199707
v3,act,Dleu2,1.3659008741378784,1.9719048738479612
v3,act,Dmkn,1.1508595943450928,2.351067543029785
v3,act,Dnaja1,4.719865798950195,3.4576740264892583
v3,act,Dnajb13,2.1588988304138184,2.283475637435913
v3,act,Dnajb2,2.6585369110107417,2.5371389389038086
v3,act,Dnajb9,2.4117798805236816,3.358933687210083
v3,act,Dnajc15,2.152118682861328,2.145196914672852
v3,act,Dph3,1.1128106117248535,1.5683001279830933
v3,act,Dpm3,1.6325984001159668,1.872929811477661
v3,act,Dpy30,1.9831397533416748,2.025266170501709
v3,act,Drc1,1.4526196718215942,1.841974377632141
v3,act,Dtd1,1.4530946016311646,1.7633880376815796
v3,act,Dtna,1.716820478439331,2.0674080848693848
v3,act,Dusp14,2.24382758140564,2.5278539657592773
v3,act,Dynlrb2,2.373566150665283,2.3302626609802246
v3,act,Dyrk4,1.4596400260925293,1.9083120822906492
v3,act,Ebf1,13.485084533691404,7.168581485748291
v3,act,Ebf2,6.451110363006593,4.228577136993408
v3,act,Ebf4,2.1439504623413086,2.3068602085113525
v3,act,Ech1,3.251969337463379,2.8349204063415527
v3,act,Eef1a1,4.833349227905273,3.5764050483703613
v3,act,Eef1a2,5.275613307952881,3.6189882755279537
v3,act,Eef2,4.0902605056762695,3.0896713733673096
v3,act,Efr3b,1.812877058982849,2.4947550296783447
v3,act,Egr1,0.2846581041812897,1.3134405612945557
v3,act,Eid1,8.081583023071289,4.333568096160889
v3,act,Eif1,34.27154922485352,13.430743217468262
v3,act,Eif4e3,1.3278565406799316,1.7434303760528564
v3,act,Eif5,1.4235688447952268,1.817115902900696
v3,act,Elavl3,8.441949844360353,4.803483486175537
v3,act,Elmod1,1.7342544794082642,2.0058107376098637
v3,act,Elob,5.741279125213622,3.4698169231414795
v3,act,Elof1,2.5794994831085205,2.368450403213501
v3,act,Emc8,1.330534815788269,1.7206950187683103
v3,act,Emd,0.6051984429359436,1.1353112459182741
v3,act,Epb41l1,1.592481255531311,2.0115022659301762
v3,act,Epb41l2,0.9955563545227052,1.5816608667373655
v3,act,Epcam,7.35516357421875,5.2766990661621085
v3,act,Epha7,0.6090028882026672,1.302074313163757
v3,act,Erf,0.498488575220108,1.0659523010253906
v3,act,Erich3,1.7034450769424438,2.0438795089721684
v3,act,Etf1,0.8021134734153748,1.3454748392105105
v3,act,Exoc6b,2.937641859054565,3.29643988609314
v3,act,Faim,4.691939830780028,3.507267951965332
v3,act,Faim2,13.06916618347168,7.504255771636963
v3,act,Fam208a,1.9655888080596924,2.310776710510254
v3,act,Fam217a,2.624409437179565,2.561552762985229
v3,act,Fam92b,5.47940731048584,3.686824560165405
v3,act,Fbxo9,1.7515616416931152,1.9845445156097408
v3,act,Fetub,8.332740783691406,6.18333625793457
v3,act,Fkbp2,4.934399127960205,3.666151523590088
v3,act,Fkbp4,2.4667882919311523,2.3793046474456787
v3,act,Flrt1,7.19993782043457,4.532858848571777
v3,act,Fmc1,1.8517394065856931,1.9802577495574951
v3,act,Fmn2,1.7362202405929563,2.034848928451538
v3,act,Fos,0.4646335244178772,1.3471771478652954
v3,act,Fosb,0.10549458861351013,0.6186215281486511
v3,act,Fth1,29.774965286254886,10.673409461975098
v3,act,Fzd3,1.191290020942688,1.7204841375350952
v3,act,Gabarap,5.733479022979736,3.49146580696106
v3,act,Gadl1,2.499943733215332,2.467803239822388
v3,act,Gkap1,1.789116621017456,2.0854055881500244
v3,act,Glb1l2,3.0683341026306152,2.785764217376709
v3,act,Gm13589,1.837543487548828,2.3164212703704834
v3,act,Gm13889,0.09905052930116652,0.8377101421356201
v3,act,Golga4,2.962823867797852,2.9920153617858887
v3,act,Gpat3,0.6617056131362915,1.2379416227340698
v3,act,Gpr137c,0.4496619701385498,1.154325246810913
v3,act,Grsf1,2.3096818923950195,2.3498129844665527
v3,act,Gtf2h5,2.2729973793029785,2.1730217933654785
v3,act,Hagh,2.1471297740936284,2.3520941734313965
v3,act,Hcfc1r1,3.0169689655303955,2.586895704269409
v3,act,Hcn2,1.6003161668777466,1.9251449108123782
v3,act,Hdgfl3,0.710020899772644,1.2841808795928955
v3,act,Heg1,0.6406328082084656,1.4448970556259155
v3,act,Hint2,2.6332814693450928,2.4687917232513428
v3,act,Hist1h2bc,5.152851581573486,4.380564212799071
v3,act,Hist2h2be,5.864439010620117,5.063170433044434
v3,act,Hivep1,0.6618778705596924,1.227444410324097
v3,act,Hmox2,1.502156376838684,1.815624952316284
v3,act,Hnrnph3,2.2244880199432373,2.3682186603546143
v3,act,Hras,1.4679856300354004,1.768286943435669
v3,act,Hspa14,0.8700286149978638,1.4069768190383911
v3,act,Hspa4l,1.0988285541534424,1.5517189502716064
v3,act,Hspa5,5.366090774536133,4.295012950897217
v3,act,Hspa8,10.948660850524902,6.2971696853637695
v3,act,Hspa9,1.342665433883667,1.748981475830078
v3,act,Hsph1,1.0299488306045532,1.6440109014511108
v3,act,Ift27,1.7528473138809204,1.95086407661438
v3,act,Ift43,5.664055824279785,3.5370352268218994
v3,act,Ift74,3.165568351745605,2.6896958351135254
v3,act,Ift81,2.277400016784668,2.3025717735290527
v3,act,Ilkap,1.3381118774414062,1.728864312171936
v3,act,Inpp4a,0.7685993313789368,1.326432466506958
v3,act,Irs2,0.4277114570140839,1.0136482715606692
v3,act,Jade1,0.67144775390625,1.2511324882507324
v3,act,Junb,0.16048267483711245,0.9349176287651062
v3,act,Kalrn,1.252760648727417,1.7240400314331057
v3,act,Kat2b,1.158918023109436,1.6479781866073608
v3,act,Kcnh3,1.110809326171875,1.5839874744415283
v3,act,Kctd1,0.2256704568862915,1.0094919204711914
v3,act,Kdm6b,1.155983567237854,1.852886199951172
v3,act,Kif5a,1.5904711484909058,1.9509875774383545
v3,act,Kmt5a,2.327356100082397,2.4343149662017822
v3,act,Kras,3.1419548988342285,2.701007604598999
v3,act,Krtcap2,2.7167327404022217,2.374841928482056
v3,act,Ksr2,1.7328535318374634,2.207533359527588
v3,act,Lamtor2,2.4549152851104736,2.228323459625244
v3,act,Lamtor4,1.4782090187072754,1.6958771944046018
v3,act,Lamtor5,3.525631189346313,2.621556282043457
v3,act,Lhx2,5.599477767944336,3.931740522384644
v3,act,Lmbrd1,0.9255228638648988,1.4441576004028318
v3,act,Lpcat4,2.193307876586914,2.268656015396118
v3,act,Lrriq1,5.131748676300049,3.7602384090423584
v3,act,M6pr,0.8313364982604979,1.367395281791687
v3,act,Macrod1,2.331421136856079,2.573479652404785
v3,act,Mafg,1.3880490064620972,1.8476994037628172
v3,act,Manea,3.2836017608642583,3.1691243648529053
v3,act,Manf,3.087775468826294,2.8323214054107666
v3,act,Map1a,1.9769324064254759,2.2474660873413086
v3,act,Map9,1.2717636823654177,1.7170917987823486
v3,act,Mapk4,0.5511787533760071,1.1093416213989258
v3,act,Mapk8ip2,4.150249004364014,3.1843271255493164
v3,act,Mapkap1,2.0158741474151607,2.171865940093994
v3,act,Mapre3,1.1976349353790283,1.6224108934402466
v3,act,March7,0.8607242107391357,1.3950544595718384
v3,act,Mat2b,2.5948212146759038,2.40903902053833
v3,act,Mcl1,0.5235293507575989,1.0729480981826782
v3,act,Mettl26,1.5399388074874878,1.8610546588897705
v3,act,Mfge8,1.038351058959961,2.0275712013244633
v3,act,Mfn2,0.6749112606048584,1.2253233194351196
v3,act,Mgst3,14.883777618408205,6.2625837326049805
v3,act,Micu3,2.187721967697144,2.348078727722168
v3,act,Mlf1,5.010009288787842,3.560115337371826
v3,act,Morf4l2,0.8073109984397888,1.3077625036239624
v3,act,Morn2,2.5286943912506104,2.3288614749908447
v3,act,Mpc2,3.8116757869720463,2.7621920108795166
v3,act,Mrpl27,1.6934154033660889,1.8989288806915283
v3,act,Mrpl28,1.5490416288375854,1.8034489154815676
v3,act,Mrpl51,2.31704044342041,2.255832433700561
v3,act,Mrps14,2.4480104446411133,2.218745708465576
v3,act,Mrps24,2.0142676830291752,2.018623352050781
v3,act,Mslnl,5.539404392242432,5.417888641357422
v3,act,Mtch1,3.661610126495361,2.8833625316619877
v3,act,Mtx2,1.5755444765090942,1.8035588264465328
v3,act,Naa38,1.2391483783721924,1.6573299169540403
v3,act,Nab1,0.36135879158973694,0.9240632653236388
v3,act,Napa,2.5931484699249268,2.4291489124298096
v3,act,Naxe,1.3301153182983398,1.6905128955841064
v3,act,Ncbp2,1.3298989534378052,1.6728181838989258
v3,act,Ncoa1,2.2148358821868896,2.288076400756836
v3,act,Ndufa11,3.8617255687713614,2.838681936264038
v3,act,Ndufa13,11.82797622680664,5.3445701599121085
v3,act,Ndufa2,6.614513397216798,3.831226587295532
v3,act,Ndufa3,4.348155975341797,3.1441192626953125
v3,act,Ndufa4,23.14127349853516,7.924995899200439
v3,act,Ndufa5,6.797732353210449,3.884480237960816
v3,act,Ndufa7,5.588311672210693,3.5102133750915527
v3,act,Ndufaf4,1.7069559097290041,1.9995776414871216
v3,act,Ndufb10,5.6178388595581055,3.4650754928588867
v3,act,Ndufb3,5.372292518615723,3.441169023513794
v3,act,Ndufb7,5.8705997467041025,3.5664258003234863
v3,act,Ndufc1,4.946181774139403,3.43472957611084
v3,act,Ndufs4,2.862119197845459,2.4025354385375977
v3,act,Ndufs7,4.750051498413086,3.173593759536743
v3,act,Ndufv3,10.797030448913574,5.657488822937013
v3,act,Neat1,4.636313438415527,5.436148166656494
v3,act,Nfatc1,1.015536904335022,1.5557305812835691
v3,act,Nfix,2.7526299953460693,3.3413965702056885
v3,act,Nfu1,1.0840381383895874,1.491966724395752
v3,act,Nin,1.4603402614593506,1.9904608726501465
v3,act,Nme5,1.263866662979126,1.6777306795120241
v3,act,Nop53,0.905575156211853,1.3967000246047974
v3,act,Nr4a1,0.5527727603912354,1.8583080768585205
v3,act,Nsmf,2.028176784515381,2.329548120498657
v3,act,Nxnl2,3.2715642452239986,3.2118701934814453
v3,act,Nxph3,2.2983856201171875,2.440800905227661
v3,act,Oaz1,2.2668616771698,2.2306180000305176
v3,act,Oaz2,1.770699143409729,2.0639443397521973
v3,act,Olfm1,15.123422622680664,7.8841872215271
v3,act,Omp,85.26589965820312,20.28508758544922
v3,act,Oscp1,4.729870796203613,3.442866563796997
v3,act,Paip2,2.6718785762786865,2.393080472946167
v3,act,Palm,2.03722620010376,2.1934554576873784
v3,act,Pam16,1.982109785079956,2.0010635852813716
v3,act,Pappa,1.080607533454895,1.8464506864547732
v3,act,Paqr9,0.8083896040916443,1.382596492767334
v3,act,Pard6a,0.5357999205589294,1.0752643346786501
v3,act,Park7,5.6577324867248535,3.37256407737732
v3,act,Pcdh10,1.7685799598693848,5.505361557006836
v3,act,Pcdh7,1.1513590812683103,2.2298519611358643
v3,act,Pcdh8,0.4841223955154419,1.346535086631775
v3,act,Pcnx4,0.5043565630912781,1.0560102462768557
v3,act,Pde4a,7.9899940490722665,5.7749996185302725
v3,act,Pdhb,1.6594852209091189,1.877529621124268
v3,act,Pdrg1,2.751211166381836,2.398504734039306
v3,act,Pfdn6,2.1399621963500977,2.0885076522827153
v3,act,Pfn1,2.9622323513031006,2.5313289165496826
v3,act,Pfn2,2.264859676361084,2.3177294731140137
v3,act,Phtf2,0.7810218334197998,1.395103096961975
v3,act,Phyh,2.0255026817321777,2.166661739349365
v3,act,Pifo,3.6003167629241943,3.0408935546875
v3,act,Pigp,2.836271047592163,2.4421257972717285
v3,act,Pim3,0.5546601414680481,1.1321711540222168
v3,act,Pitpnc1,1.3277440071105957,1.894166111946106
v3,act,Plxnb2,1.3366289138793943,1.815304160118103
v3,act,Pnpla8,0.6220356225967407,1.190073013305664
v3,act,Pnrc1,2.5680322647094727,2.614897966384888
v3,act,Polr2c,2.988762617111206,2.397406578063965
v3,act,Polr2f,1.5574816465377808,1.7566096782684326
v3,act,Polr2g,2.4724183082580566,2.217626571655273
v3,act,Polr2i,1.287012219429016,1.675695300102234
v3,act,Pon2,1.2967349290847778,1.7388944625854492
v3,act,Ppa1,14.909916877746582,28.42716789245605
v3,act,Ppdpf,3.105422019958496,2.797865867614746
v3,act,Ppid,1.3180456161499023,1.667491436004639
v3,act,Ppm1l,0.7949697375297546,1.3698352575302124
v3,act,Ppp2ca,1.0316395759582522,1.5158580541610718
v3,act,Prdx5,3.2625119686126713,2.596015930175781
v3,act,Prkar1a,2.627581596374512,2.4833600521087646
v3,act,Prpf4b,3.561630964279175,3.117148399353028
v3,act,Prrc2b,5.87885332107544,4.018528938293457
v3,act,Psen2,4.598051071166992,4.018739700317384
v3,act,Psip1,5.86403751373291,3.791255235671997
v3,act,Psmb3,3.655369281768799,2.791709899902344
v3,act,Psmd13,1.5547775030136108,1.7739386558532717
v3,act,Psmd8,2.884872436523437,2.6221020221710205
v3,act,Ptdss2,3.324702262878418,2.840659141540528
v3,act,Ptges3,2.011497974395752,2.1164395809173584
v3,act,Ptov1,2.0757982730865483,2.1278700828552246
v3,act,Ptprs,5.7607269287109375,4.372759342193604
v3,act,Puf60,3.227869033813477,2.6964902877807617
v3,act,Pygo1,2.6580431461334233,2.6178207397460938
v3,act,Rab11fip4,1.191142201423645,1.6586105823516846
v3,act,Rab36,2.27706241607666,2.3550264835357666
v3,act,Rab39b,0.989503026008606,1.4608638286590576
v3,act,Rack1,4.317873954772948,3.0745503902435303
v3,act,Ralbp1,2.7902507781982417,2.5739243030548096
v3,act,Ralgds,0.6588859558105469,1.2203989028930664
v3,act,Rarg,1.5674313306808472,1.951351523399353
v3,act,Rbfox2,1.4665374755859375,1.835476279258728
v3,act,Rbm26,1.0148333311080933,1.5344024896621704
v3,act,Rbm39,6.078462600708008,3.8918573856353764
v3,act,Rc3h1,0.5610074400901794,1.147618532180786
v3,act,Rcan1,0.2912234365940094,1.3373115062713623
v3,act,Rex1bd,3.450179100036621,2.725128412246704
v3,act,Rheb,2.3669581413269043,2.2158987522125244
v3,act,Ric8b,11.401464462280273,6.425967216491699
v3,act,Rnf150,1.613742113113403,2.0237505435943604
v3,act,Rnf182,1.9371080398559568,2.1367743015289307
v3,act,Rnf220,1.4467450380325315,1.8251272439956665
v3,act,Rnh1,2.5262656211853027,2.399666786193848
v3,act,Rock1,3.319132089614868,2.9163265228271484
v3,act,Rsph9,4.126451015472412,3.0209653377532963
v3,act,Rsrp1,5.061270713806152,3.577127695083618
v3,act,Rtp1,2.7233095169067383,2.749779462814331
v3,act,Rtp2,4.958995342254639,3.4613983631134038
v3,act,Rufy2,2.0753235816955566,2.218177080154419
v3,act,Rufy3,6.68659782409668,4.08213472366333
v3,act,Samd4b,0.6768921613693237,1.2352722883224487
v3,act,Scn3a,0.5225740075111389,1.1824791431427002
v3,act,Scn3b,2.0725998878479004,2.5421161651611333
v3,act,Scrn1,1.7373865842819214,1.996154308319092
v3,act,Sdc3,1.962525010108948,2.1660747528076167
v3,act,Sdcbp,3.8945510387420654,3.0275399684906006
v3,act,Sdhaf4,1.990863800048828,2.0150895118713383
v3,act,Sdhd,1.9906495809555051,2.073171615600586
v3,act,Sec61b,1.9096667766571045,1.971012115478516
v3,act,Selenok,9.405707359313963,4.526930332183838
v3,act,Sem1,6.700117588043213,3.7864103317260738
v3,act,Sema7a,1.1631872653961182,2.3102080821990967
v3,act,Sept3,2.227278709411621,2.766559839248657
v3,act,Sf3b1,3.5740480422973637,2.8843266963958736
v3,act,Sfr1,1.569750189781189,1.9131608009338381
v3,act,Sh3bgrl3,1.7524586915969849,2.0482513904571533
v3,act,Siah2,1.0408313274383545,1.5481805801391602
v3,act,Sik3,0.5476281046867371,1.1151764392852783
v3,act,Slc1a2,3.590390682220459,3.3462293148040767
v3,act,Slc22a23,0.7941938638687134,1.3595837354660034
v3,act,Slc25a39,1.6046130657196045,1.8971307277679443
v3,act,Slc25a5,10.619206428527832,5.126826286315918
v3,act,Slc27a2,2.485116958618164,2.617602586746216
v3,act,Slc38a2,0.6975162625312805,1.399197697639465
v3,act,Slc48a1,1.563486933708191,1.8448585271835327
v3,act,Slu7,1.1231725215911863,1.5832228660583496
v3,act,Smarca5,2.7020800113677983,2.5977728366851807
v3,act,Smc3,2.164123296737671,2.2272181510925293
v3,act,Smim13,0.7039867639541626,1.281814694404602
v3,act,Snrk,1.4352930784225464,1.8245025873184204
v3,act,Snrpd3,1.699156641960144,1.8480187654495241
v3,act,Snrpe,2.441157579421997,2.2180004119873047
v3,act,Sod1,1.6436190605163574,1.9563148021698
v3,act,Sod2,2.4463520050048833,2.2936818599700928
v3,act,Spef1,4.485410690307617,3.226048231124878
v3,act,Spsb3,0.5602138042449951,1.0951855182647705
v3,act,Sri,1.3323413133621216,1.7068687677383425
v3,act,Srpk1,0.9056938290596008,1.4415109157562256
v3,act,Srrm4,1.179222583770752,1.86471164226532
v3,act,Srsf3,6.008023262023926,4.174912929534912
v3,act,Srxn1,0.590609073638916,1.5027064085006714
v3,act,Ssbp4,1.9226032495498655,2.1663849353790283
v3,act,Stard10,1.1773141622543335,1.6239112615585327
v3,act,Stk40,0.9544401764869691,1.4741964340209959
v3,act,Sub1,10.206779479980467,5.647017955780028
v3,act,Suclg1,2.791619300842285,2.381002902984619
v3,act,Sun1,2.1539161205291752,2.2601869106292725
v3,act,Supt4a,2.5411040782928467,2.281569004058838
v3,act,Sv2c,1.0055497884750366,1.5797226428985596
v3,act,Swi5,3.218268156051636,2.570719003677368
v3,act,Sys1,2.6687488555908203,2.391646385192871
v3,act,Syt7,2.791024208068848,2.7303991317749023
v3,act,Taldo1,2.68619441986084,2.374334812164306
v3,act,Tbcb,3.1833930015563965,2.5396409034729004
v3,act,Tceal9,1.6601862907409668,1.9822148084640503
v3,act,Tctex1d2,1.660938739776611,1.8936216831207275
v3,act,Tesc,9.9442777633667,5.449480056762695
v3,act,Tex9,1.2305647134780884,1.7095316648483276
v3,act,Them6,9.9067964553833,5.314406871795653
v3,act,Timm13,4.246746063232422,2.9030990600585938
v3,act,Tle3,1.2383925914764404,1.9548622369766235
v3,act,Tmem150c,1.120023488998413,1.6195881366729736
v3,act,Tmem230,1.3377591371536257,1.6544471979141235
v3,act,Tmem258,2.4661858081817627,2.298325061798096
v3,act,Tmpo,1.6761002540588381,1.95084547996521
v3,act,Tnrc6a,1.170729398727417,1.6876477003097534
v3,act,Tnrc6b,1.89802348613739,2.1615920066833496
v3,act,Tnrc6c,4.707834720611572,3.638685941696167
v3,act,Tob1,0.7352676391601562,1.3421424627304075
v3,act,Tomm22,2.979058265686035,2.484980344772339
v3,act,Tomm7,5.877764701843263,3.642679452896118
v3,act,Tpd52l2,3.2769031524658203,2.7444522380828857
v3,act,Trappc2l,1.8696829080581665,2.006753206253052
v3,act,Trnp1,6.781477451324463,4.321070671081543
v3,act,Trp53inp2,0.7457021474838257,1.4197119474411009
v3,act,Trpm7,0.98027902841568,1.5185894966125488
v3,act,Tsc22d1,10.369253158569336,9.668621063232422
v3,act,Ttc8,1.7945202589035034,2.0510408878326416
v3,act,Ttc9,2.0275716781616206,2.137185573577881
v3,act,Ttll3,3.911311626434326,3.327826738357544
v3,act,Ttll6,3.1148252487182617,2.949629783630371
v3,act,Tuba4a,0.9925321340560912,2.1029422283172607
v3,act,Tubb3,1.9070997238159182,2.5751492977142334
v3,act,Ubc,3.9097089767456055,3.6312961578369136
v3,act,Ube2g1,1.8840180635452268,2.1338906288146973
v3,act,Ube2n,0.7922003269195557,1.3106940984725952
v3,act,Ublcp1,0.6264575123786926,1.513130784034729
v3,act,Ubxn1,2.2756967544555664,2.1682379245758057
v3,act,Ubxn6,2.327181816101074,2.2668423652648926
v3,act,Uckl1os,1.457372546195984,1.9272581338882449
v3,act,Uhrf1bp1l,0.4807104766368866,1.0606503486633299
v3,act,Uqcr10,6.774093627929688,3.951657772064209
v3,act,Uqcr11,4.629865646362305,3.188294649124145
v3,act,Uxs1,0.8735737800598145,1.390731930732727
v3,act,Vdac2,5.125174045562744,3.2725489139556885
v3,act,Vdac3,1.8199424743652344,1.9436697959899905
v3,act,Wbp1,2.0340225696563716,2.154977798461914
v3,act,Wdfy2,0.6668063998222351,1.2387247085571291
v3,act,Wdfy3,1.1330633163452148,1.6455490589141846
v3,act,Wdr26,0.6707940101623535,1.2404541969299316
v3,act,Wdsub1,2.630606174468994,2.469606637954712
v3,act,Wsb2,0.7416266798973083,1.2769373655319214
v3,act,Ybx1,6.669614315032959,3.883162260055542
v3,act,Yipf4,1.7247134447097778,1.8850376605987549
v3,act,Ypel3,8.368526458740233,4.863986015319824
v3,act,Ywhaz,3.59960412979126,2.858782291412353
v3,act,Zbtb7b,1.5518420934677124,1.9389065504074097
v3,act,Zfand5,0.9923442602157592,1.5139237642288208
v3,act,Zfp608,0.4610157310962677,1.0583292245864868
v3,act,Zfp655,0.4392255544662476,1.0107349157333374
v3,act,Zmynd8,1.6031136512756348,2.098972082138061
v3.1,ieg,Btg2,0.6713318824768066,1.8322933912277222
v3.1,ieg,Egr1,0.4205617904663086,1.7028632164001465
v3.1,ieg,Fos,1.0404855012893677,3.2078232765197754
v3.1,ieg,Fosb,0.4677377939224243,1.634149432182312
v3.1,ieg,Gm13889,0.2916068136692047,1.5265389680862427
v3.1,ieg,Junb,0.5595523715019226,2.2699661254882812
v3.1,ieg,Nr4a1,1.7582603693008423,3.6990888118743896
v3.1,ieg,Nr4a2,0.33079829812049866,1.6206721067428589
v3.1,ieg,Pcdh10,5.860713958740234,10.844599723815918
v3.1,ieg,Srxn1,2.0406625270843506,3.6401853561401367
v3.1,act,1110004E09Rik,2.5473432540893555,2.1199753284454346
v3.1,act,1110008P14Rik,2.178642988204956,1.913167119026184
v3.1,act,1700016K19Rik,1.5453931093215942,1.7273590564727783
v3.1,act,1810058I24Rik,0.8498935103416443,1.2257434129714966
v3.1,act,2010107E04Rik,6.753635406494141,3.8425121307373047
v3.1,act,2210016L21Rik,2.6527068614959717,2.2712314128875732
v3.1,act,2410004P03Rik,1.364741325378418,1.6160712242126465
v3.1,act,2410015M20Rik,1.84773850440979,1.7517061233520508
v3.1,act,6430548M08Rik,1.7593019008636475,2.0218751430511475
v3.1,act,9530034E10Rik,1.0828144550323486,2.0856285095214844
v3.1,act,A430035B10Rik,1.2689836025238037,1.7446238994598389
v3.1,act,Abhd16a,5.872812271118164,3.578047513961792
v3.1,act,Acbd7,9.437479972839355,4.666354179382324
v3.1,act,Actr1b,2.3801422119140625,2.089463233947754
v3.1,act,Adh5,2.784409761428833,2.208085536956787
v3.1,act,Aebp2,1.4002879858016968,1.63775634765625
v3.1,act,Aes,2.4278457164764404,2.0717411041259766
v3.1,act,Ago2,1.677321195602417,2.039855718612671
v3.1,act,Ahi1,3.6248061656951904,2.9494991302490234
v3.1,act,Ak1,8.123024940490723,4.531644821166992
v3.1,act,Ak2,0.9215396046638489,1.3345098495483398
v3.1,act,Anapc16,1.4630810022354126,1.589746117591858
v3.1,act,Ankrd10,1.572804570198059,1.8452279567718506
v3.1,act,Ankrd54,2.347874402999878,2.2711353302001953
v3.1,act,Anp32a,1.430039644241333,1.5546793937683105
v3.1,act,Ap1g1,0.9688158631324768,1.305672287940979
v3.1,act,Arfgef3,0.8490628004074097,1.282514214515686
v3.1,act,Arglu1,5.166618824005127,3.356208562850952
v3.1,act,Arhgap17,0.9650974869728088,1.446944236755371
v3.1,act,Arhgdig,2.585275650024414,2.442718744277954
v3.1,act,Arhgef28,2.6547043323516846,2.3536314964294434
v3.1,act,Arid5b,0.5151138305664062,1.0805832147598267
v3.1,act,Arih1,0.9211905002593994,1.2879447937011719
v3.1,act,Arl6,2.1214139461517334,1.8569281101226807
v3.1,act,Arpc5l,2.57551646232605,2.10746431350708
v3.1,act,Ascc1,1.429905891418457,1.768462061882019
v3.1,act,Atf5,36.834144592285156,12.484954833984375
v3.1,act,Atox1,17.326698303222656,8.163578033447266
v3.1,act,Atp1a1,12.866965293884277,5.870319843292236
v3.1,act,Atp2b1,4.544501781463623,3.0791757106781006
v3.1,act,Atp5j,8.951947212219238,4.13957405090332
v3.1,act,Atp5k,5.879208564758301,3.7930755615234375
v3.1,act,Atp5o,9.06983757019043,4.432158946990967
v3.1,act,Atp6v1f,2.5034019947052,1.9915974140167236
v3.1,act,Auh,1.0933990478515625,1.3298416137695312
v3.1,act,Azin1,1.2718716859817505,1.5026954412460327
v3.1,act,B230118H07Rik,1.2914906740188599,1.4988023042678833
v3.1,act,BC005537,1.6784814596176147,1.743016004562378
v3.1,act,BC005561,2.2734146118164062,2.304161310195923
v3.1,act,Bad,1.5243088006973267,1.6188607215881348
v3.1,act,Bax,1.3476431369781494,1.4860484600067139
v3.1,act,Bbs4,1.3913486003875732,1.5614666938781738
v3.1,act,Bcl11a,1.5456373691558838,1.7483184337615967
v3.1,act,Bcl7a,2.344285011291504,2.199174165725708
v3.1,act,Bex3,2.440195083618164,2.0770926475524902
v3.1,act,Bmpr1a,0.5099192261695862,0.9907200336456299
v3.1,act,Bmpr2,1.8626298904418945,1.9615534543991089
v3.1,act,Bphl,1.1727367639541626,1.4459822177886963
v3.1,act,Braf,1.3728772401809692,1.6091017723083496
v3.1,act,Brinp2,1.7393816709518433,2.045639753341675
v3.1,act,Btg2,0.3801873028278351,1.3518294095993042
v3.1,act,C1qbp,1.2018431425094604,1.3961856365203857
v3.1,act,Cacna1h,1.4105416536331177,1.598929762840271
v3.1,act,Cbr1,1.4439055919647217,1.5440372228622437
v3.1,act,Cby1,1.8786725997924805,1.8812663555145264
v3.1,act,Ccdc157,2.8475918769836426,2.3918426036834717
v3.1,act,Ccdc189,0.8853031992912292,1.2865110635757446
v3.1,act,Ccdc28b,1.2236653566360474,1.5918803215026855
v3.1,act,Ccdc34,2.571540594100952,2.35945463180542
v3.1,act,Ccdc40,1.5780036449432373,1.7393983602523804
v3.1,act,Cd47,3.441929578781128,2.8401670455932617
v3.1,act,Cd82,1.1297625303268433,1.4466502666473389
v3.1,act,Cdc14a,0.8451243042945862,1.2788043022155762
v3.1,act,Cdkn1a,1.4593738317489624,2.4029572010040283
v3.1,act,Cebpb,1.7991020679473877,2.5852203369140625
v3.1,act,Cenpx,1.2403126955032349,1.4676061868667603
v3.1,act,Cep290,3.087007522583008,2.794419527053833
v3.1,act,Cers5,1.966463327407837,1.8585962057113647
v3.1,act,Cfap126,2.1019845008850098,2.366767644882202
v3.1,act,Cfap69,7.077024459838867,4.017829895019531
v3.1,act,Chd4,3.13393497467041,2.720728874206543
v3.1,act,Cib1,1.640934944152832,1.6519296169281006
v3.1,act,Cidea,2.5544540882110596,4.316952705383301
v3.1,act,Cirbp,2.520993947982788,2.2729532718658447
v3.1,act,Cisd1,4.424123287200928,2.6860790252685547
v3.1,act,Clcn3,1.4391124248504639,1.6515450477600098
v3.1,act,Cldn3,2.4262583255767822,2.422637701034546
v3.1,act,Cldn9,1.9047911167144775,1.884615182876587
v3.1,act,Cngb1,3.146151542663574,2.5687637329101562
v3.1,act,Cnppd1,1.7334942817687988,1.859877109527588
v3.1,act,Coa3,1.3947445154190063,1.5278009176254272
v3.1,act,Commd6,1.5087820291519165,1.5683979988098145
v3.1,act,Cpeb4,2.006308078765869,2.147899866104126
v3.1,act,Cry2,0.8183245658874512,1.2705448865890503
v3.1,act,Ctsa,2.1106996536254883,1.9879493713378906
v3.1,act,Ctxn3,14.127449035644531,7.9859747886657715
v3.1,act,Cuta,1.6058530807495117,1.6558243036270142
v3.1,act,D1Ertd622e,0.6761436462402344,1.1657919883728027
v3.1,act,D430042O09Rik,2.5188522338867188,2.3072667121887207
v3.1,act,Daam1,0.976489245891571,1.453405737876892
v3.1,act,Ddx3x,1.9690438508987427,2.03806209564209
v3.1,act,Ddx5,21.371084213256836,7.1397013664245605
v3.1,act,Dleu2,1.9262012243270874,2.5367372035980225
v3.1,act,Dmkn,1.1455804109573364,3.0508928298950195
v3.1,act,Dnaja1,5.177409648895264,3.528985023498535
v3.1,act,Dnajb13,1.667877197265625,1.7756843566894531
v3.1,act,Dnajb2,2.497307538986206,2.2200114727020264
v3.1,act,Dnajb9,2.7338805198669434,3.423182725906372
v3.1,act,Dnajc15,1.7790825366973877,1.7237303256988525
v3.1,act,Dph3,1.1595754623413086,1.4192488193511963
v3.1,act,Dpm3,1.264277458190918,1.4723089933395386
v3.1,act,Dpy30,1.5781711339950562,1.618782639503479
v3.1,act,Drc1,1.3999789953231812,1.6066040992736816
v3.1,act,Dtd1,1.2364652156829834,1.4365744590759277
v3.1,act,Dtna,1.52992582321167,1.731626272201538
v3.1,act,Dusp14,2.9386484622955322,3.3990283012390137
v3.1,act,Dynlrb2,1.567009449005127,1.7071595191955566
v3.1,act,Dyrk4,1.8101539611816406,1.9455347061157227
v3.1,act,Ebf1,11.626276969909668,5.999375820159912
v3.1,act,Ebf2,6.562064170837402,3.857516288757324
v3.1,act,Ebf4,1.6395025253295898,1.7522026300430298
v3.1,act,Ech1,2.409867286682129,2.203159809112549
v3.1,act,Eef1a1,4.057186126708984,2.9827277660369873
v3.1,act,Eef1a2,5.350886344909668,3.2520339488983154
v3.1,act,Eef2,5.5753631591796875,3.3025624752044678
v3.1,act,Efr3b,2.3980789184570312,4.134216785430908
v3.1,act,Egr1,0.20188497006893158,1.18550705909729
v3.1,act,Eid1,7.540114879608154,3.6965906620025635
v3.1,act,Eif1,33.38600158691406,14.886900901794434
v3.1,act,Eif4e3,1.321175217628479,1.567579984664917
v3.1,act,Eif5,1.8191709518432617,1.944759488105774
v3.1,act,Elavl3,8.613836288452148,4.367797374725342
v3.1,act,Elmod1,1.757779836654663,1.794503927230835
v3.1,act,Elob,4.604532241821289,2.8451976776123047
v3.1,act,Elof1,2.810539960861206,2.259392499923706
v3.1,act,Emc8,1.4005115032196045,1.5254504680633545
v3.1,act,Emd,0.7095652222633362,1.1102666854858398
v3.1,act,Epb41l1,2.1426072120666504,2.2331905364990234
v3.1,act,Epb41l2,1.1096745729446411,1.5017831325531006
v3.1,act,Epcam,7.66038703918457,5.164510726928711
v3.1,act,Epha7,1.0550553798675537,1.5667774677276611
v3.1,act,Erf,0.6295064091682434,1.0745960474014282
v3.1,act,Erich3,1.7795521020889282,1.8687684535980225
v3.1,act,Etf1,1.2044272422790527,1.7197511196136475
v3.1,act,Exoc6b,4.273517608642578,3.879396915435791
v3.1,act,Faim,3.8405871391296387,3.1435515880584717
v3.1,act,Faim2,11.925823211669922,6.6278533935546875
v3.1,act,Fam208a,2.6413137912750244,2.5012731552124023
v3.1,act,Fam217a,2.9344255924224854,2.4439923763275146
v3.1,act,Fam92b,4.513523101806641,3.0193440914154053
v3.1,act,Fbxo9,1.6183996200561523,1.6766157150268555
v3.1,act,Fetub,9.517843246459961,6.453641891479492
v3.1,act,Fkbp2,4.5652618408203125,3.240788221359253
v3.1,act,Fkbp4,2.960068702697754,2.403014898300171
v3.1,act,Flrt1,8.338164329528809,4.78729248046875
v3.1,act,Fmc1,1.2678918838500977,1.4668763875961304
v3.1,act,Fmn2,1.7166470289230347,1.8330366611480713
v3.1,act,Fos,0.5648482441902161,2.3437869548797607
v3.1,act,Fosb,0.23543693125247955,1.1735851764678955
v3.1,act,Fth1,26.583383560180664,9.882303237915039
v3.1,act,Fzd3,1.313230037689209,1.6218682527542114
v3.1,act,Gabarap,4.895015716552734,2.8795554637908936
v3.1,act,Gadl1,2.4467432498931885,2.190225601196289
v3.1,act,Gkap1,1.7014970779418945,1.8071417808532715
v3.1,act,Glb1l2,2.296544075012207,2.126882553100586
v3.1,act,Gm13589,2.043172836303711,2.3314313888549805
v3.1,act,Gm13889,0.15567338466644287,1.0581947565078735
v3.1,act,Golga4,4.233661651611328,4.370466709136963
v3.1,act,Gpat3,0.816712498664856,1.2625699043273926
v3.1,act,Gpr137c,0.5392850637435913,1.2093114852905273
v3.1,act,Grsf1,2.888512372970581,2.376173257827759
v3.1,act,Gtf2h5,1.808739185333252,1.7253220081329346
v3.1,act,Hagh,2.4756782054901123,2.4114434719085693
v3.1,act,Hcfc1r1,2.7019565105438232,2.199174165725708
v3.1,act,Hcn2,1.705713152885437,1.802624225616455
v3.1,act,Hdgfl3,0.7364348769187927,1.1677470207214355
v3.1,act,Heg1,0.8599371314048767,1.5285321474075317
v3.1,act,Hint2,1.8745883703231812,1.8673406839370728
v3.1,act,Hist1h2bc,4.210814952850342,3.5917670726776123
v3.1,act,Hist2h2be,5.268129825592041,4.416858673095703
v3.1,act,Hivep1,0.8768201470375061,1.2867062091827393
v3.1,act,Hmox2,1.6694931983947754,1.689290165901184
v3.1,act,Hnrnph3,2.1943166255950928,2.074263095855713
v3.1,act,Hras,1.2969696521759033,1.4659881591796875
v3.1,act,Hspa14,0.9940483570098877,1.40730619430542
v3.1,act,Hspa4l,1.7663859128952026,1.827347755432129
v3.1,act,Hspa5,7.0632524490356445,4.785292148590088
v3.1,act,Hspa8,15.453839302062988,7.039941310882568
v3.1,act,Hspa9,1.6456005573272705,1.7146878242492676
v3.1,act,Hsph1,1.9874874353408813,2.466557741165161
v3.1,act,Ift27,1.3179304599761963,1.483188509941101
v3.1,act,Ift43,4.725305557250977,2.911508560180664
v3.1,act,Ift74,3.209108591079712,2.441225051879883
v3.1,act,Ift81,2.254459857940674,2.0612027645111084
v3.1,act,Ilkap,1.1776795387268066,1.413938045501709
v3.1,act,Inpp4a,1.0718575716018677,1.4591673612594604
v3.1,act,Irs2,0.5875351428985596,1.1891220808029175
v3.1,act,Jade1,0.8191405534744263,1.257472276687622
v3.1,act,Junb,0.28234681487083435,1.5840071439743042
v3.1,act,Kalrn,1.4315400123596191,1.6665470600128174
v3.1,act,Kat2b,1.2743281126022339,1.5694814920425415
v3.1,act,Kcnh3,0.9625779986381531,1.286819577217102
v3.1,act,Kctd1,0.41862305998802185,1.4832230806350708
v3.1,act,Kdm6b,1.4538034200668335,2.11844539642334
v3.1,act,Kif5a,1.7246012687683105,1.8524836301803589
v3.1,act,Kmt5a,2.7300713062286377,2.418928384780884
v3.1,act,Kras,3.9979615211486816,2.748795986175537
v3.1,act,Krtcap2,2.191416025161743,1.9066201448440552
v3.1,act,Ksr2,3.5207366943359375,3.089996099472046
v3.1,act,Lamtor2,2.051011085510254,1.8092769384384155
v3.1,act,Lamtor4,1.1643368005752563,1.3408199548721313
v3.1,act,Lamtor5,2.6153993606567383,2.033740758895874
v3.1,act,Lhx2,5.843985080718994,3.93086576461792
v3.1,act,Lmbrd1,0.9202910661697388,1.2598867416381836
v3.1,act,Lpcat4,1.7253408432006836,1.8444880247116089
v3.1,act,Lrriq1,4.375017166137695,3.1948537826538086
v3.1,act,M6pr,1.006595253944397,1.3608578443527222
v3.1,act,Macrod1,1.8080090284347534,1.9904396533966064
v3.1,act,Mafg,1.8121881484985352,2.0266220569610596
v3.1,act,Manea,3.049434185028076,2.8784918785095215
v3.1,act,Manf,2.6985137462615967,2.3407859802246094
v3.1,act,Map1a,2.179270029067993,2.1703522205352783
v3.1,act,Map9,1.6654666662216187,1.7942363023757935
v3.1,act,Mapk4,0.7337651252746582,1.2075802087783813
v3.1,act,Mapk8ip2,3.8510422706604004,2.790750026702881
v3.1,act,Mapkap1,2.1788365840911865,1.9983481168746948
v3.1,act,Mapre3,1.2223950624465942,1.4574885368347168
v3.1,act,March7,1.14324152469635,1.4681767225265503
v3.1,act,Mat2b,2.5627851486206055,2.1161866188049316
v3.1,act,Mcl1,0.6402919292449951,1.0481072664260864
v3.1,act,Mettl26,1.1601548194885254,1.433443307876587
v3.1,act,Mfge8,1.1827698945999146,2.0136842727661133
v3.1,act,Mfn2,0.6679308414459229,1.0641483068466187
v3.1,act,Mgst3,10.477347373962402,4.783847808837891
v3.1,act,Micu3,2.5925893783569336,2.321612596511841
v3.1,act,Mlf1,3.858443021774292,2.809457302093506
v3.1,act,Morf4l2,0.8552243113517761,1.1881802082061768
v3.1,act,Morn2,1.8956260681152344,1.8159821033477783
v3.1,act,Mpc2,3.363088369369507,2.3024823665618896
v3.1,act,Mrpl27,1.1771516799926758,1.4201048612594604
v3.1,act,Mrpl28,1.3954046964645386,1.5091094970703125
v3.1,act,Mrpl51,1.7937703132629395,1.7553684711456299
v3.1,act,Mrps14,1.9814409017562866,1.7510390281677246
v3.1,act,Mrps24,1.7097723484039307,1.6501502990722656
v3.1,act,Mslnl,4.19698429107666,4.400250434875488
v3.1,act,Mtch1,3.2395546436309814,2.43332576751709
v3.1,act,Mtx2,1.3108720779418945,1.4461495876312256
v3.1,act,Naa38,1.0915437936782837,1.3788892030715942
v3.1,act,Nab1,0.48532652854919434,0.9681846499443054
v3.1,act,Napa,2.5963125228881836,2.1784441471099854
v3.1,act,Naxe,1.116567850112915,1.376582384109497
v3.1,act,Ncbp2,1.1799821853637695,1.375441551208496
v3.1,act,Ncoa1,2.479360580444336,2.223503351211548
v3.1,act,Ndufa11,2.9238240718841553,2.2085683345794678
v3.1,act,Ndufa13,9.418798446655273,4.439249038696289
v3.1,act,Ndufa2,4.996975898742676,3.0239381790161133
v3.1,act,Ndufa3,3.2611136436462402,2.4885659217834473
v3.1,act,Ndufa4,17.563629150390625,6.535037040710449
v3.1,act,Ndufa5,4.909140586853027,3.0211069583892822
v3.1,act,Ndufa7,4.096343994140625,2.7198243141174316
v3.1,act,Ndufaf4,1.9048717021942139,1.8459205627441406
v3.1,act,Ndufb10,4.803808689117432,2.828948974609375
v3.1,act,Ndufb3,4.038017272949219,2.651815891265869
v3.1,act,Ndufb7,4.661303520202637,2.846863031387329
v3.1,act,Ndufc1,3.536714792251587,2.616255283355713
v3.1,act,Ndufs4,2.328509569168091,1.9312663078308105
v3.1,act,Ndufs7,4.065561294555664,2.5904738903045654
v3.1,act,Ndufv3,9.17671012878418,4.844497203826904
v3.1,act,Neat1,3.903871536254883,4.797726631164551
v3.1,act,Nfatc1,1.0986555814743042,1.5225269794464111
v3.1,act,Nfix,3.133230686187744,3.567257881164551
v3.1,act,Nfu1,1.1673694849014282,1.4048795700073242
v3.1,act,Nin,1.6870793104171753,2.091928243637085
v3.1,act,Nme5,0.8670068383216858,1.2302340269088745
v3.1,act,Nop53,0.906056821346283,1.2400844097137451
v3.1,act,Nr4a1,0.9877572655677795,2.7455496788024902
v3.1,act,Nsmf,2.120242118835449,2.1399223804473877
v3.1,act,Nxnl2,3.1207430362701416,3.0012359619140625
v3.1,act,Nxph3,2.255342960357666,2.2140984535217285
v3.1,act,Oaz1,1.9144870042800903,1.7867318391799927
v3.1,act,Oaz2,1.7312955856323242,1.7638911008834839
v3.1,act,Olfm1,18.320537567138672,8.16141128540039
v3.1,act,Omp,76.82852935791016,18.51827621459961
v3.1,act,Oscp1,4.322941303253174,2.9713857173919678
v3.1,act,Paip2,2.7004034519195557,2.139662265777588
v3.1,act,Palm,1.8545775413513184,1.8337863683700562
v3.1,act,Pam16,1.4579215049743652,1.5121922492980957
v3.1,act,Pappa,1.4057927131652832,2.063248634338379
v3.1,act,Paqr9,0.8379663825035095,1.2839064598083496
v3.1,act,Pard6a,0.5920342206954956,1.0091941356658936
v3.1,act,Park7,5.038944244384766,2.8515028953552246
v3.1,act,Pcdh10,3.324049949645996,8.14299201965332
v3.1,act,Pcdh7,1.5857057571411133,2.832958936691284
v3.1,act,Pcdh8,0.6464830636978149,1.563501000404358
v3.1,act,Pcnx4,0.5395935773849487,0.9577816724777222
v3.1,act,Pde4a,9.36652946472168,7.104805946350098
v3.1,act,Pdhb,1.4773346185684204,1.567123532295227
v3.1,act,Pdrg1,2.3870885372161865,1.9862399101257324
v3.1,act,Pfdn6,1.6993321180343628,1.6484360694885254
v3.1,act,Pfn1,2.664573907852173,2.1064836978912354
v3.1,act,Pfn2,2.2554192543029785,2.0393199920654297
v3.1,act,Phtf2,1.0894569158554077,1.4758563041687012
v3.1,act,Phyh,1.752160906791687,1.7707045078277588
v3.1,act,Pifo,2.745086431503296,2.372243642807007
v3.1,act,Pigp,2.0366950035095215,1.8461015224456787
v3.1,act,Pim3,0.8217203617095947,1.3163697719573975
v3.1,act,Pitpnc1,1.7690047025680542,2.059309720993042
v3.1,act,Plxnb2,1.1712942123413086,1.4771212339401245
v3.1,act,Pnpla8,0.8348098993301392,1.2358994483947754
v3.1,act,Pnrc1,4.411350250244141,3.5848264694213867
v3.1,act,Polr2c,2.5810980796813965,1.9861154556274414
v3.1,act,Polr2f,1.3696889877319336,1.4688302278518677
v3.1,act,Polr2g,1.9488810300827026,1.7561819553375244
v3.1,act,Polr2i,1.1321723461151123,1.3922892808914185
v3.1,act,Pon2,1.059118628501892,1.3749916553497314
v3.1,act,Ppa1,13.005401611328125,23.608232498168945
v3.1,act,Ppdpf,2.248246431350708,2.0602593421936035
v3.1,act,Ppid,1.2536418437957764,1.4319034814834595
v3.1,act,Ppm1l,0.9241141676902771,1.333478569984436
v3.1,act,Ppp2ca,1.3387075662612915,1.6121455430984497
v3.1,act,Prdx5,3.0219192504882812,2.2420623302459717
v3.1,act,Prkar1a,3.5297441482543945,2.8150205612182617
v3.1,act,Prpf4b,4.084766387939453,3.0875985622406006
v3.1,act,Prrc2b,6.038663387298584,3.857447624206543
v3.1,act,Psen2,5.682662487030029,4.508877754211426
v3.1,act,Psip1,6.785963535308838,3.737460136413574
v3.1,act,Psmb3,3.2042555809020996,2.3589982986450195
v3.1,act,Psmd13,1.4769710302352905,1.5084604024887085
v3.1,act,Psmd8,3.1898984909057617,2.613844394683838
v3.1,act,Ptdss2,3.0767757892608643,2.4413042068481445
v3.1,act,Ptges3,2.113685131072998,1.925205111503601
v3.1,act,Ptov1,1.886594295501709,1.8271845579147339
v3.1,act,Ptprs,4.849833011627197,3.5629994869232178
v3.1,act,Puf60,3.2870028018951416,2.4702510833740234
v3.1,act,Pygo1,2.8026227951049805,2.463369846343994
v3.1,act,Rab11fip4,1.5166593790054321,1.7294408082962036
v3.1,act,Rab36,1.8196274042129517,1.8612207174301147
v3.1,act,Rab39b,1.38486647605896,1.5407357215881348
v3.1,act,Rack1,3.9952664375305176,2.613053321838379
v3.1,act,Ralbp1,3.1518685817718506,2.520958662033081
v3.1,act,Ralgds,0.7027369141578674,1.1068291664123535
v3.1,act,Rarg,2.024200201034546,2.0142061710357666
v3.1,act,Rbfox2,1.5255351066589355,1.6274745464324951
v3.1,act,Rbm26,1.400519847869873,1.6439404487609863
v3.1,act,Rbm39,7.077134609222412,3.9433324337005615
v3.1,act,Rc3h1,0.8135215640068054,1.2552175521850586
v3.1,act,Rcan1,0.4359329342842102,1.7723230123519897
v3.1,act,Rex1bd,2.928739070892334,2.28999924659729
v3.1,act,Rheb,2.243436813354492,1.9253661632537842
v3.1,act,Ric8b,11.708346366882324,6.382171154022217
v3.1,act,Rnf150,1.8560563325881958,1.9814914464950562
v3.1,act,Rnf182,1.8703809976577759,1.9027560949325562
v3.1,act,Rnf220,1.6332337856292725,1.7631573677062988
v3.1,act,Rnh1,2.473747491836548,2.1388590335845947
v3.1,act,Rock1,3.828028678894043,2.8512027263641357
v3.1,act,Rsph9,3.6985976696014404,2.5534346103668213
v3.1,act,Rsrp1,4.341777801513672,2.9742255210876465
v3.1,act,Rtp1,2.760115385055542,2.5513999462127686
v3.1,act,Rtp2,4.624375820159912,2.9795730113983154
v3.1,act,Rufy2,2.2933661937713623,2.1179001331329346
v3.1,act,Rufy3,6.486730575561523,3.6168510913848877
v3.1,act,Samd4b,0.7652316093444824,1.175488829612732
v3.1,act,Scn3a,0.5516780614852905,1.0911381244659424
v3.1,act,Scn3b,2.63924503326416,2.610964775085449
v3.1,act,Scrn1,1.814498782157898,1.8256739377975464
v3.1,act,Sdc3,1.7057838439941406,1.7681171894073486
v3.1,act,Sdcbp,4.245325088500977,2.8447964191436768
v3.1,act,Sdhaf4,1.412380337715149,1.511915922164917
v3.1,act,Sdhd,1.6609975099563599,1.6442087888717651
v3.1,act,Sec61b,1.459936261177063,1.5101248025894165
v3.1,act,Selenok,8.3585786819458,3.8837432861328125
v3.1,act,Sem1,5.227199554443359,3.082066535949707
v3.1,act,Sema7a,1.7977465391159058,2.7409286499023438
v3.1,act,Sept3,2.1835925579071045,2.6062164306640625
v3.1,act,Sf3b1,3.966900110244751,2.6759393215179443
v3.1,act,Sfr1,1.824522852897644,1.8500726222991943
v3.1,act,Sh3bgrl3,1.5404326915740967,1.7248302698135376
v3.1,act,Siah2,1.2596319913864136,1.5786648988723755
v3.1,act,Sik3,0.7243373990058899,1.1507998704910278
v3.1,act,Slc1a2,3.3021726608276367,3.039050817489624
v3.1,act,Slc22a23,0.891049325466156,1.3074252605438232
v3.1,act,Slc25a39,1.5153071880340576,1.6109318733215332
v3.1,act,Slc25a5,9.414023399353027,4.4255571365356445
v3.1,act,Slc27a2,2.259190320968628,2.200007200241089
v3.1,act,Slc38a2,1.2117955684661865,2.2958829402923584
v3.1,act,Slc48a1,1.3594452142715454,1.5072141885757446
v3.1,act,Slu7,1.250974178314209,1.4674335718154907
v3.1,act,Smarca5,3.5284628868103027,2.8195128440856934
v3.1,act,Smc3,2.4703731536865234,2.169283628463745
v3.1,act,Smim13,1.2534184455871582,1.5647718906402588
v3.1,act,Snrk,1.8126698732376099,1.8433334827423096
v3.1,act,Snrpd3,1.4194129705429077,1.4658643007278442
v3.1,act,Snrpe,1.781226396560669,1.6918781995773315
v3.1,act,Sod1,1.7062721252441406,1.8804278373718262
v3.1,act,Sod2,2.044079065322876,1.8397294282913208
v3.1,act,Spef1,4.222493648529053,2.9170315265655518
v3.1,act,Spsb3,0.6566497683525085,1.0527271032333374
v3.1,act,Sri,0.9038777947425842,1.243507742881775
v3.1,act,Srpk1,1.2178343534469604,1.5468193292617798
v3.1,act,Srrm4,1.8748151063919067,2.492408037185669
v3.1,act,Srsf3,4.832554340362549,3.398042917251587
v3.1,act,Srxn1,1.1493607759475708,2.6179685592651367
v3.1,act,Ssbp4,1.4688501358032227,1.6662864685058594
v3.1,act,Stard10,1.4171433448791504,1.6151440143585205
v3.1,act,Stk40,1.0044150352478027,1.3724478483200073
v3.1,act,Sub1,9.425704002380371,5.002036094665527
v3.1,act,Suclg1,2.2244341373443604,1.8792701959609985
v3.1,act,Sun1,2.003352403640747,1.9025710821151733
v3.1,act,Supt4a,2.089928150177002,1.8228472471237183
v3.1,act,Sv2c,1.3334845304489136,1.6989589929580688
v3.1,act,Swi5,2.7776761054992676,2.112044095993042
v3.1,act,Sys1,2.1205458641052246,1.8969861268997192
v3.1,act,Syt7,3.1210079193115234,2.6978421211242676
v3.1,act,Taldo1,2.5151114463806152,2.018472671508789
v3.1,act,Tbcb,2.6296041011810303,2.051307201385498
v3.1,act,Tceal9,1.6783596277236938,1.8228245973587036
v3.1,act,Tctex1d2,1.1814736127853394,1.4137425422668457
v3.1,act,Tesc,7.899880886077881,4.400766372680664
v3.1,act,Tex9,1.0950939655303955,1.4408988952636719
v3.1,act,Them6,7.902675151824951,4.562887668609619
v3.1,act,Timm13,3.2675631046295166,2.289818048477173
v3.1,act,Tle3,1.8996825218200684,2.228442430496216
v3.1,act,Tmem150c,1.1672616004943848,1.4749929904937744
v3.1,act,Tmem230,1.0809592008590698,1.3105021715164185
v3.1,act,Tmem258,1.8599587678909302,1.781432032585144
v3.1,act,Tmpo,1.7759205102920532,1.787590742111206
v3.1,act,Tnrc6a,1.107512354850769,1.4335699081420898
v3.1,act,Tnrc6b,2.119356632232666,2.0416464805603027
v3.1,act,Tnrc6c,5.04865837097168,3.4516994953155518
v3.1,act,Tob1,1.091437578201294,1.7966587543487549
v3.1,act,Tomm22,2.2130212783813477,1.8957722187042236
v3.1,act,Tomm7,3.8601415157318115,2.7621731758117676
v3.1,act,Tpd52l2,2.764028310775757,2.2600438594818115
v3.1,act,Trappc2l,1.3516099452972412,1.4998409748077393
v3.1,act,Trnp1,7.895990371704102,4.384011268615723
v3.1,act,Trp53inp2,1.228568434715271,1.6951640844345093
v3.1,act,Trpm7,1.3604061603546143,1.648148536682129
v3.1,act,Tsc22d1,13.388896942138672,11.708298683166504
v3.1,act,Ttc8,1.4956210851669312,1.649948239326477
v3.1,act,Ttc9,2.0969181060791016,1.9564919471740723
v3.1,act,Ttll3,3.5270345211029053,2.790031671524048
v3.1,act,Ttll6,3.2654757499694824,2.8266539573669434
v3.1,act,Tuba4a,1.8446542024612427,3.502408742904663
v3.1,act,Tubb3,3.4273648262023926,3.4417455196380615
v3.1,act,Ubc,5.401759624481201,4.397551536560059
v3.1,act,Ube2g1,2.2471141815185547,2.106606960296631
v3.1,act,Ube2n,0.8903566598892212,1.2202553749084473
v3.1,act,Ublcp1,0.8821602463722229,1.6947671175003052
v3.1,act,Ubxn1,2.2374472618103027,1.8891335725784302
v3.1,act,Ubxn6,2.1999008655548096,1.9464657306671143
v3.1,act,Uckl1os,1.210137128829956,1.5940803289413452
v3.1,act,Uhrf1bp1l,0.622737467288971,1.0647691488265991
v3.1,act,Uqcr10,4.793407440185547,3.0052199363708496
v3.1,act,Uqcr11,3.1018905639648438,2.3313989639282227
v3.1,act,Uxs1,1.1024844646453857,1.418287754058838
v3.1,act,Vdac2,4.269737720489502,2.639742136001587
v3.1,act,Vdac3,1.3042701482772827,1.4239965677261353
v3.1,act,Wbp1,1.914601445198059,1.8943841457366943
v3.1,act,Wdfy2,0.6987544894218445,1.1222119331359863
v3.1,act,Wdfy3,1.600471019744873,1.780808448791504
v3.1,act,Wdr26,0.8189171552658081,1.2096166610717773
v3.1,act,Wdsub1,3.017820119857788,2.3906238079071045
v3.1,act,Wsb2,0.8237067461013794,1.184987187385559
v3.1,act,Ybx1,7.32551383972168,3.6457109451293945
v3.1,act,Yipf4,1.4201008081436157,1.4919935464859009
v3.1,act,Ypel3,7.837411880493164,4.581866264343262
v3.1,act,Ywhaz,3.2019565105438232,2.401751756668091
v3.1,act,Zbtb7b,1.472244381904602,1.7612533569335938
v3.1,act,Zfand5,1.3719290494918823,1.6345382928848267
v3.1,act,Zfp608,0.5142614245414734,1.0144543647766113
v3.1,act,Zfp655,0.4867422580718994,0.9610720872879028
v3.1,act,Zmynd8,1.919236421585083,2.1333587169647217
