,activation_score_loading,ess_correlation,p_adj_ACE2h,ctl_expr_ACE2h,expression_ACE2h,p_adj_OCT2h,ctl_expr_OCT2h,expression_OCT2h
Tsc22d1,0.24130762566668376,0.10638968217269706,5.338302081336373e-09,7.784047,28.023338,5.7641278473453855e-12,8.543381,34.996384
Rcan1,0.23594157987265663,0.05289747227154862,5.338302081336373e-09,0.16025643,1.7186962,9.672865047350386e-12,0.17373356,2.3344162
Fosb,0.22845309939671687,0.024940219285914944,8.944987773394463e-09,0.026371548,0.95576805,6.642464932624729e-12,0.033757884,1.3841691
Pcdh10,0.20203019406057202,0.0868582946374219,5.338302081336373e-09,0.4163146,17.536272,5.7641278473453855e-12,0.22547363,13.535156
Dusp14,0.18932247228323676,-0.008329159327194358,1.710216140006638e-07,2.434246,4.8123326,5.770829486140171e-10,2.409951,4.887967
Srxn1,0.1659579923571227,0.1441397432020709,5.338302081336373e-09,0.3937012,3.5148294,5.7641278473453855e-12,0.39184874,2.3618922
Gm13889,0.16582235002598686,0.12128288891876593,2.0633398528045463e-08,0.03878927,1.2585715,5.153046132696617e-11,0.02367857,0.8962711
Golga4,0.1550982823279006,-0.23409403744365953,1.6838098220188725e-06,2.9990058,4.795026,5.153046132696617e-11,2.8050582,5.138745
Heg1,0.14910700910501914,0.11675460775523994,5.338302081336373e-09,0.35948712,2.0014317,5.7641278473453855e-12,0.4057745,2.4125156
Cdkn1a,0.1429883728087438,0.1318518708806109,5.338302081336373e-09,0.7312281,3.0373075,7.45864025447753e-11,0.8436236,2.3955963
Gpr137c,0.1419611098019052,-0.16719491716363333,5.807463627789623e-09,0.33525234,1.4595393,9.294456851588237e-12,0.36059487,1.8244776
Zfp655,0.1348244624658039,-0.10093973869300421,5.559339213559711e-07,0.3218896,1.0079589,2.748383881066223e-08,0.41299433,0.96490574
Ublcp1,0.12758950860381302,0.0519526391776437,6.827938729458372e-09,0.50340146,1.735555,1.7892977779713508e-11,0.59408116,2.6109164
Efr3b,0.1268717059207731,-0.0696785653125187,1.0248554928999346e-08,1.8364465,5.1936316,1.5558240338815995e-10,1.2991256,3.2792358
Etf1,0.1260305307017209,0.12371973319489304,5.338302081336373e-09,0.7297296,1.8883827,1.1336831255018953e-11,0.6530309,1.8370644
Srrm4,0.11755171319271762,0.2881264483426671,5.338302081336373e-09,1.134824,3.711537,5.7641278473453855e-12,1.1470608,3.7051783
Epcam,0.11244285077841461,-0.35126663270970315,5.807463627789623e-09,6.568524,11.058673,1.250652477215198e-11,6.4764314,11.286711
Trp53inp2,0.11022558980623162,0.3544665100811111,5.338302081336373e-09,0.5454519,2.0701501,5.7641278473453855e-12,0.5993894,2.6244807
Arhgap17,0.10352552646408658,-0.26970848904791866,4.324156996385349e-07,0.8207004,1.8677112,1.410832890558874e-08,0.8336623,1.6793627
Ric8b,0.09955622405224461,0.2281458284222776,1.030334982520984e-07,10.748062,14.937315,1.4434791044408196e-10,10.19224,14.5656595
9530034E10Rik,0.09837991141618524,-0.04463542087231698,6.132545004504569e-09,0.6052616,1.9418542,6.146514090916034e-12,0.96113914,3.0973556
Oaz2,0.09798461898152612,-0.04994559756363781,1.1547801523939882e-08,1.774643,2.9780812,2.477930946858165e-08,1.6595415,2.5772476
Ctxn3,0.09190016674802746,0.07802274828754119,1.8666902054399606e-06,15.579151,20.953047,1.6812871854045174e-05,16.189066,20.148693
Slc38a2,0.09000461704133178,-0.07103156351412099,5.338302081336373e-09,0.6049878,2.149366,1.2309143939982617e-11,0.5195923,2.072361
Exoc6b,0.08921391848234943,-0.19408689289843783,1.1440524871669172e-08,2.855421,5.42913,4.2779403684558125e-10,3.011884,4.874893
Nfatc1,0.08879840638820469,0.06176154365226094,2.6587977023493842e-05,1.0555886,1.7092296,3.5861608366721944e-10,0.96801746,1.7841815
Junb,0.08817722538351022,0.10684854109760245,5.338302081336373e-09,0.06683349,1.4743801,6.146514090916034e-12,0.0506703,1.8302494
Tle3,0.08783662860593519,0.034117748499548184,6.132545004504569e-09,1.051335,2.932008,5.468349165536881e-11,0.9906846,3.1034477
Siah2,0.08705912520207851,-0.14793125587538158,9.137362040757131e-05,0.91345274,1.5082153,3.9064934035549985e-05,1.0729083,1.5276039
Fos,0.08471136334857238,0.20076841601414264,5.338302081336373e-09,0.31313998,2.4481254,5.7641278473453855e-12,0.25595745,3.209244
March7,0.08082458582598268,-0.045451677728964635,0.00026319150931466235,0.7762969,1.2209953,2.6708408918899177e-08,0.85255617,1.484647
Ago2,0.07985737300530792,-0.09970242631023796,2.619192638657839e-06,1.2113134,2.1940799,2.8986097108155707e-11,1.2554688,2.6599958
Arhgef28,0.07902539365338204,-0.01440626619406804,3.5120521553533745e-06,2.1486752,3.156077,3.455127210407247e-05,1.9277328,2.5783625
Ddx3x,0.0761578656071979,0.05205034773898054,7.50254383574796e-08,1.5518107,2.7472198,1.7729204622584258e-10,1.3968346,2.6017573
Hspa8,0.07566584193363383,0.30256714758137526,9.163828587702748e-09,10.14408,15.373659,1.753862943233057e-11,10.256931,15.402316
Hnrnph3,0.068765891124648,0.12280929477324332,2.7256991281643038e-05,2.3408632,3.409676,0.00022515573911967608,2.1455486,2.9396605
Erf,0.0667712314517286,0.04797164792018571,0.00044042026361774137,0.57318544,0.9268935,5.2373341157817056e-08,0.5071564,0.9869206
Ak2,0.06551280111508655,-0.0003877597250832032,1.192860929816448e-05,0.8179815,1.3208193,0.000122721837277519,1.0834032,1.604206
Pnrc1,0.06546923109471184,-0.011996199874387825,5.6046052778275075e-09,2.5031106,5.3694854,5.87701274852677e-12,2.1592865,4.855229
Mafg,0.06488664894068134,-0.08580987097573178,4.468069047960291e-05,1.3486122,2.0898583,4.2953258867331875e-07,1.2099795,2.0825903
D1Ertd622e,0.06467106127255774,-0.22412808579812205,4.66376838108134e-05,0.4455021,0.8796996,7.029404654245784e-05,0.4571949,0.83586556
Arid5b,0.06413252841963112,0.10853525162320166,6.016611868162879e-07,0.30457664,0.8094966,4.385345249199919e-07,0.35885388,0.88313854
Scn3b,0.06410878156151044,0.25401274426591125,5.338302081336373e-09,1.6926116,4.2126956,7.008214971051235e-12,1.6165445,3.834254
Phtf2,0.06302579508618834,0.02777795954608764,1.2880246274938615e-08,0.60389745,2.1160276,9.97764124717294e-12,0.60109115,1.7855467
Hsph1,0.06271517996804692,0.2387606561280834,4.023922913625074e-06,0.84838426,1.5430324,2.8220172436152163e-08,0.8803703,1.72925
Cpeb4,0.06266617770166213,0.23734295966853436,5.338302081336373e-09,1.2189591,3.0349836,6.642464932624729e-12,1.3170308,2.9566705
Ubc,0.06263572440235211,0.17944982840898616,6.186483459614215e-07,4.1829033,6.540539,0.0005535616368815565,3.9603016,5.4137483
Sema7a,0.06181181540095674,0.25240138749506047,5.338302081336373e-09,0.8530336,5.196564,5.7641278473453855e-12,0.8945021,4.8573637
Dleu2,0.061329710043146336,0.07482519885399763,5.870888159046243e-09,1.3071464,2.9567797,6.146514090916034e-12,1.250307,3.0395381
Rc3h1,0.05967784878037316,0.08051521075565726,1.025991174111481e-05,0.5071196,0.9224905,5.7413195441943396e-08,0.56075245,1.184096
Pcnx4,0.05679583486151206,-0.008395898387971945,5.9577744366629704e-05,0.4514624,0.8171247,0.00013010273645063406,0.5307684,0.8190836
Btg2,0.05471719741933791,0.0864337227602523,5.338302081336373e-09,0.23713022,2.4223795,6.084931360396273e-12,0.21168794,1.5499701
6430548M08Rik,0.054484616628167046,0.3431612434138187,1.2880246274938615e-08,1.3918309,2.597981,4.3724751377782664e-10,1.4370501,2.7182207
Selenok,0.054404561204686265,0.0885927006511732,3.747478483978371e-08,9.3004465,12.231706,1.6431937530576995e-11,9.239644,12.381005
Psmd8,0.054117821247851174,-0.03301740478165294,4.171875313380008e-07,2.5902858,3.9814014,6.085750397314482e-11,2.6971176,4.30667
Map9,0.052485824582823824,0.026904925949185476,0.0008725520168852463,1.2547754,1.737352,0.0001816014606095944,1.3191416,1.7506536
Cry2,0.05227485267105883,-0.10830486353638258,6.300682961500045e-08,0.605291,1.3351698,3.207057386516466e-08,0.6249073,1.1333079
Hspa4l,0.05159623671534157,-0.03862693566460007,7.128557136254299e-06,1.0391414,1.8436302,1.6088853800020511e-09,0.96128005,1.667898
Mcl1,0.051489540176304825,0.02536595547058651,7.63987749314297e-05,0.4553403,0.83448684,1.0279080582467038e-06,0.47909522,0.8939637
Dnaja1,0.05004353534811792,0.2393351938681939,2.1172462887769863e-08,4.7568874,6.618269,6.642464932624729e-12,4.453058,7.359319
Fth1,0.04931457937055698,-0.2640398165113518,1.2750294154831195e-07,30.707575,37.47883,3.915954017560459e-09,29.97709,35.22901
Fam208a,0.049146726627181815,-0.035272114093963136,6.300682961500045e-08,1.9797553,3.262953,3.680103947000535e-10,1.8299894,3.1261866
Bmpr2,0.04910369552799023,-0.0341790163046507,9.641224225713898e-06,1.3954225,2.1945887,1.969433053131724e-09,1.3817279,2.4226844
Zfp608,0.04910311381230106,-0.12892526918432679,2.8118963967971393e-07,0.426822,1.2313763,6.501878584845535e-09,0.38151714,0.91355336
BC005561,0.04893097324809755,0.020770695735327083,0.0007729710000581968,2.3433957,3.0946145,6.115521181345944e-07,2.0569327,2.8870056
Rab11fip4,0.04882602367380349,-0.2060142679554855,0.0001174051382981167,1.1131686,1.6244496,8.541476940768187e-06,1.1414363,1.6160817
Smim13,0.046593078133749105,-0.022453323189836283,3.6033486907686213e-05,0.6812265,1.1817528,3.084786604293698e-10,0.5879519,1.2491492
Ppp2ca,0.04652608097598745,0.03139600460319136,6.391718561853218e-07,1.0272189,1.8905984,7.919061880745765e-12,0.9281333,2.1585352
Sod1,0.04584852705358182,-0.002384955624358698,7.41977221344526e-05,1.4711066,2.2376974,1.1896427661711353e-05,1.4937444,2.035466
Neat1,0.045542775520791924,0.3059869744853103,5.338302081336373e-09,3.6216505,11.855161,6.642464932624729e-12,4.061028,10.404292
Brinp2,0.0454201795547068,0.2690179811937259,8.293339358236252e-09,1.4859469,3.0291533,7.45864025447753e-11,1.2771071,2.471907
Tuba4a,0.044085305503567845,0.20602843529719717,6.827938729458372e-09,1.2302719,4.676613,1.8097242395921717e-09,0.65130824,2.123008
Cdc14a,0.04388682353837366,0.13539297391666905,3.6033486907686213e-05,0.6431227,1.1089057,1.7203690644169286e-10,0.5114338,1.0859354
Kdm6b,0.04355750424610368,0.08027828970543016,5.338302081336373e-09,0.99269205,2.42927,3.1554420830215603e-10,0.9850629,2.3428566
Uckl1os,0.043292188940616684,-0.04366694476907762,2.1544078756847024e-06,1.5969982,0.81379527,4.428567413947745e-06,1.6428213,0.9602037
Stk40,0.04287545968249331,0.15558615628612615,3.652568781807998e-07,0.81489086,1.5987288,4.6206211040345905e-09,0.87155724,1.6812265
Dnajb2,0.04251167046117627,0.17987856951467363,1.3243222980661114e-08,2.4879985,4.3274307,9.734163987314384e-12,2.487954,4.44641
Dnajb9,0.042092845097992555,-0.009206214396834334,1.2944644463386516e-08,2.2916992,4.2057796,7.079873955064427e-09,1.895423,3.5034828
Spsb3,0.04174603455850232,0.15830159203777705,0.0002097782507485726,0.52656937,0.8733917,8.045537584319563e-07,0.5655677,0.9858719
Sub1,0.041309204298543574,-0.03259092539604325,7.89682139227182e-07,8.947301,12.150878,1.657627683241673e-09,9.343743,11.85696
Rheb,0.04073966756900713,0.19225759479140203,3.747478483978371e-08,2.0280218,3.10789,1.3662379226346337e-10,2.1169245,3.235604
Manea,0.04027440445621069,-0.20032663891482438,1.1230503106253524e-05,2.9639952,1.8434594,6.3914452306987584e-06,3.139001,2.1241899
Fzd3,0.04012351993561498,0.04855871184463956,2.988205403309576e-05,1.0398813,1.7506441,1.7203690644169286e-10,1.060748,2.0317311
Zfand5,0.039724522516934535,-0.05510329070211206,2.2941129821520363e-07,0.83298475,1.5982912,1.3445261139866725e-08,0.8172447,1.654883
Uhrf1bp1l,0.03868985642081974,-0.07213095847098017,2.705936397612808e-06,0.4585026,0.8405311,2.8839782819590736e-07,0.40436867,0.85628635
Cebpb,0.03862581045545262,-0.2561705944000521,6.931050572516639e-06,1.9161711,3.3627033,3.7075417969458233e-06,1.6471393,2.6255567
Wdfy3,0.03852438017713705,-0.06320541592652384,1.7742870942434318e-08,0.848372,2.0094461,1.3662379226346337e-10,0.8442733,1.9596903
Mfge8,0.03734197306842735,0.17165681674269162,2.2782317079940012e-08,0.63627934,1.6816262,1.8392431990512257e-08,1.1466668,2.1834426
Inpp4a,0.03684451803909808,0.12612221454504757,4.171875313380008e-07,0.69711006,1.3529807,2.346105399460184e-10,0.69803977,1.5108645
Nab1,0.036210984638785505,0.08198796548049381,5.870888159046243e-09,0.26789024,1.2010497,1.4696750465051865e-11,0.24743852,1.105832
Tceal9,0.036050314057824565,0.21317912602445854,6.905785215785521e-09,1.3855797,2.8382633,6.146514090916034e-12,1.3701298,3.2502465
Ube2g1,0.03538753091492798,-0.19058105229905897,5.069319145227693e-06,1.5466956,2.3400457,6.858791707560126e-08,1.7367903,2.616701
Pcdh7,0.03533236219162593,0.3289151666063327,8.431660748878925e-08,1.7118123,3.2732146,2.851164212661945e-06,0.6203285,1.2335415
Eef1a1,0.03528035365300187,0.054752088011431055,1.4976547820008966e-05,4.657223,5.898366,0.000674828024937944,4.6284723,5.423994
Tnrc6c,0.03526306845596515,-0.376266423684281,4.7264431925128426e-08,4.3243527,6.352112,2.2853096444774462e-09,4.482599,6.233697
Cd82,0.034751567025961626,0.024375452362376038,3.415414307434316e-06,1.7479398,1.0007105,4.867175940351795e-06,1.7211574,1.1075249
BC005537,0.033652907417176775,0.06781964732193846,0.00025586096284486,1.5339085,2.0504718,1.752007114735558e-05,1.5231166,2.0784347
Sdcbp,0.03343620564487005,0.1899111813608827,6.080418041586193e-09,3.784196,6.3931923,5.7641278473453855e-12,3.6730444,6.0999904
Ddx5,0.033234679723300596,-0.2299588801133936,1.710216140006638e-07,18.345715,21.841713,2.477930946858165e-08,17.936163,20.743296
Olfm1,0.03317325771550902,0.14928157893911642,5.338302081336373e-09,12.353072,18.831003,3.48506857827601e-11,14.116622,19.190855
Srpk1,0.032925570255706194,-0.015487801182012984,2.5415970619571123e-06,0.835436,1.4701173,4.5879440373297163e-10,0.7151705,1.5046225
M6pr,0.03271229702158879,-0.040642500107162194,4.874816783997011e-05,0.7098389,1.2307376,8.469006874351138e-07,0.7364089,1.266917
Braf,0.03246986988039787,0.022024338151391376,0.0003961232404347119,1.1713389,1.7099962,9.104507267209238e-08,1.137327,1.8565795
Ahi1,0.03223843463292114,0.044974154689617185,0.00014245675236133806,3.3670459,4.286409,8.889831754752425e-07,3.3208606,4.4655566
Clcn3,0.031930728356271254,0.04445659986912842,0.0003961232404347119,1.0248863,1.5045338,2.948906080203819e-07,0.93511903,1.4392627
Eef2,0.03173690643259199,0.0013483198636876637,0.0001682562228165282,3.7919576,4.741221,7.28974427055744e-07,3.725914,4.8705373
Rbm26,0.031028591047843765,0.019364995801331664,0.0007729710000581968,0.87436646,1.3480366,3.6254014136513817e-07,0.8815647,1.4218459
Arfgef3,0.02973287257314023,0.17058822744345814,0.00019257744339382178,0.7098602,1.1209271,3.5345864052112985e-07,0.7455245,1.2478654
Eif5,0.02947530446206501,-0.0018115629614066098,2.6587977023493842e-05,1.3866986,1.9059302,7.375724167837441e-08,1.4251091,2.3490565
Tmem150c,0.02897636967720021,0.12581307967311328,1.8160946482518102e-05,1.2236382,1.7922677,5.402910326121743e-07,1.141632,1.7850665
Aebp2,0.028790174556375975,-0.11245761842550528,0.00013211115882739226,1.0356796,1.3905817,9.798434067488626e-06,0.9941959,1.5419434
Snrk,0.02842957787317466,0.38425432970684004,8.860389725207924e-08,1.473233,2.4036438,2.7166009441723687e-11,1.3741938,2.4696264
Bex3,0.028195930252931056,0.387705709643124,0.00016349926321354487,2.722507,3.3545399,7.317963870202042e-05,2.567481,3.1254225
Epb41l2,0.02756979550477927,-0.13902680238365317,3.275162654623629e-05,0.9812154,1.4659082,1.3237175348666147e-06,0.90203404,1.4939867
Samd4b,0.02735006818212701,-0.038872415830734086,0.00010564567046792822,0.67652166,0.95874375,0.0007253378464186253,0.6354963,0.91570544
Stard10,0.027078952663918916,0.061960766608479156,1.710216140006638e-07,1.0790879,2.0386553,2.4176448880133815e-10,1.0593826,1.866773
Pappa,0.02690053009215069,0.3027238172028741,6.905785215785521e-09,1.0344416,2.3231459,6.146514090916034e-12,1.0680915,2.5850222
Grsf1,0.024843896960785844,-0.1038378260303614,5.604469648848769e-05,1.9862281,2.7216609,0.00015250822756793147,2.2191937,2.8855217
Ralgds,0.024715916202255977,-0.06512793456537147,0.0006343301699727587,0.6481616,0.9946672,5.8300758860012305e-05,0.6241039,0.9925185
Arih1,0.02460532312860249,-0.0340875558301561,0.00022230454731984864,0.7578366,1.1068919,0.0006510196804784187,0.7240891,1.011468
Micu3,0.02437344008972914,-0.10795818857595818,0.00011493194265862224,1.8850253,2.5581722,5.179173889210516e-07,2.0229042,2.8250432
Ptges3,0.023982341507216873,-0.06505735210154895,0.00035615825863415286,1.9282085,2.503533,1.8883259545763484e-06,1.8626202,2.4228122
Kras,0.023655399826792094,-0.28142994633422336,1.0419948566136076e-08,2.8551862,4.66586,1.1336831255018953e-11,2.8681588,4.484118
Morf4l2,0.023448619342035185,0.04578247143540004,3.757241313184077e-06,0.7148956,1.2076266,6.733412858150893e-07,0.6953811,1.1869918
Rtp2,0.023360782602270366,0.02308169785209402,1.9036511920277948e-07,5.1182194,3.4637194,2.8723639015553356e-06,5.141526,4.0517745
Wdr26,0.023335530391637122,-0.06196825114371096,0.000813766695067394,0.6301573,0.9605159,1.1028602973113798e-05,0.6628478,1.0336124
Hspa5,0.022863083623888048,0.13460729057848408,8.887338402079681e-05,5.317001,6.709039,2.3246014555840237e-06,4.954917,6.2806005
Zmynd8,0.02238953527690146,0.018192978277984717,7.603857776814006e-06,1.8332093,1.0801108,1.3006694334601895e-06,1.6171275,0.99794585
Sv2c,0.022042866428834428,0.10154645834164056,5.338302081336373e-09,0.7369144,1.9744309,2.3039672840045226e-11,0.72401536,1.9836022
Paip2,0.021836472803609522,0.16155935990204795,3.5120521553533745e-06,2.3526497,3.1742136,2.5083292429764615e-05,2.5455074,3.1429842
Rab39b,0.021736335217035226,-0.01930629548948737,0.0007202087801851936,0.8998546,1.3075695,2.5083292429764615e-05,0.894767,1.244939
Ywhaz,0.021715041320672736,0.07048445672595749,0.0001592484604943361,3.3386233,4.2702804,2.4167700349959324e-08,3.2165685,4.382475
Gpat3,0.02162230404997309,0.03077558343672393,2.2782317079940012e-08,0.6163605,1.2531129,1.263170893833532e-06,0.5748884,1.0674
Psen2,0.021611390493350376,0.23668900525745262,5.338302081336373e-09,4.2514954,10.409152,5.7641278473453855e-12,3.974635,9.056734
Pde4a,0.02154534609192999,-0.16261259173543952,6.150963519174229e-08,8.268003,13.272563,1.3523439943914065e-07,6.9199095,9.799312
Atp2b1,0.021537022688070274,0.19888122669369823,1.2880246274938615e-08,2.8023195,4.841297,8.41930278573948e-12,2.657495,5.125001
Irs2,0.021146506858492307,-0.020737678619776156,1.3788265323878885e-08,0.34995192,0.96614796,7.396411611074726e-10,0.32286635,0.9353403
Cfap69,0.020572546091356055,-0.07579412722892287,1.1574247188040058e-05,5.98769,7.2707543,6.756908659158987e-05,5.4321265,6.3668237
Hspa9,0.02050411359109983,0.17435999005422032,5.0208635281305545e-05,1.2148181,1.8258269,4.2953258867331875e-07,1.1462175,1.7239124
Tob1,0.020060663312099603,0.05909314608481964,8.860389725207924e-08,0.63668054,1.5536598,1.5309110677784115e-09,0.623508,1.4200544
Hspa14,0.019975967336364926,0.06066477228286804,6.456583015462077e-08,0.8452246,1.7320654,1.057993789867503e-11,0.7102686,2.1153164
Pard6a,0.019616368581499836,0.009069431158128305,4.103625538672902e-05,0.47696406,0.86268264,4.265987759082765e-09,0.49660274,0.936925
Mapk4,0.01953320593423878,0.20305165683657844,2.916489626760035e-06,0.56915176,1.066655,5.402910326121743e-07,0.49818584,0.95876884
Nr4a1,0.019099376569419603,0.24724487319547728,5.338302081336373e-09,0.13358742,4.8823857,5.7641278473453855e-12,0.069808684,5.493499
Sik3,0.018464377045350675,-0.037135150286842,1.2468609403507217e-07,0.49281496,1.0451558,2.5433834742679483e-10,0.45270297,1.1499789
Epha7,0.01696511729005081,0.39030301533520717,4.7264431925128426e-08,0.44803813,1.2381392,1.1336831255018953e-11,0.41191387,1.4127651
Hagh,0.016769796501123216,0.31101496035279097,5.338302081336373e-09,1.9792705,5.1753526,5.7641278473453855e-12,1.9441235,4.7850103
Kalrn,0.016700376526638857,-0.15514895919714822,0.0003004359579082777,1.0455675,1.43122,2.601104299397886e-08,1.0752394,1.7024692
Prkar1a,0.016665451142330173,0.1731536447818398,3.300163464736227e-08,2.5084014,4.519505,1.9814171621759983e-11,2.3938887,4.0038986
Lmbrd1,0.01662469910525789,0.10047153378662343,0.00046320432495296844,0.8615806,1.2712744,5.689313646938989e-06,0.87324494,1.2956357
Erich3,0.01646956773271863,-0.15583886379426404,2.988205403309576e-05,1.5283458,1.066213,7.460986605575102e-05,1.6353208,1.2178171
Sf3b1,0.016321877844657755,-0.07775599096832564,0.00040768997621972515,3.6994057,3.029578,0.00038989221223400037,3.6866388,3.091168
Ksr2,0.016009894419598446,0.3756412361944179,5.870888159046243e-09,1.3597767,3.003728,6.642464932624729e-12,1.1050919,3.2095225
Ybx1,0.016004038142109003,-0.26342099892409854,0.00018208307863038937,6.465362,7.6015344,0.0007914924619731829,6.5405226,7.45567
Nfix,0.015991265848784582,0.10607657477491583,7.255842355444691e-06,2.875534,1.9383752,8.652044496462728e-08,3.3336325,2.2278752
Hivep1,0.015445111390637836,-0.029620994471526663,0.00011165480269447927,0.5935211,0.99508667,1.7491889430848113e-07,0.61067635,1.0961789
Mfn2,0.013469581714114285,0.11688466694431598,1.4249232333536992e-07,0.5435654,0.96703464,4.7095516814022347e-07,0.58010054,0.9892672
Elof1,0.013325859530790162,-0.07154395614179254,5.338302081336373e-09,2.361484,4.465342,1.2012722109239755e-11,2.4420578,3.7315505
Wdfy2,0.013307179717752835,0.04851271971067661,3.5120521553533745e-06,0.53891647,1.0995613,0.00017165897744205716,0.6403133,0.94302666
Emd,0.01326637211760236,-0.011021842411500726,8.969197429905429e-06,0.5341382,0.9580433,8.090239633792384e-05,0.6132189,0.87490654
Azin1,0.012909853105535975,-0.006158730204511409,0.00015071417282617336,0.90880096,1.366539,2.930670729409669e-05,1.0125374,1.4783436
Wbp1,0.010984533171698506,0.24536755511637853,1.8746859304098685e-05,2.0991056,1.5476131,1.2161938652143798e-06,2.4074886,1.6536211
Nop53,0.010945965068211359,-0.04963688640380837,3.652568781807998e-07,0.745157,1.2666018,1.3523439943914065e-07,0.87632096,1.2910697
Syt7,0.010636354151885121,0.19116295314326437,8.92881320654025e-09,2.3942685,4.1275325,1.493842358310374e-11,2.4291785,4.57132
Ncoa1,0.010102195963661943,0.00662558208736963,0.00015071417282617336,2.1884975,1.6593696,1.6812871854045174e-05,2.2698526,1.806258
Smarca5,0.009914955993613105,0.03151387257535798,8.008854198336221e-08,2.4381723,4.184809,9.622939320573315e-12,2.3807333,4.4073772
Aes,0.009161546324859954,0.1552213232669044,0.0005893043435094052,2.7920594,2.2569244,1.4535823166683782e-05,2.5168447,1.9316481
Rnf150,0.008729059185469124,0.00638089916828688,1.8746859304098685e-05,1.215043,1.8441536,2.2874695638046204e-10,1.3791957,2.311887
Plxnb2,0.008661576516085344,0.12250449367742067,5.437867768024113e-05,1.3796422,0.8540954,2.948906080203819e-07,1.388391,0.85786843
Wdsub1,0.008616505311307641,0.052507354874389955,0.0005280939678454574,2.7246737,2.0773015,2.4827202005411705e-07,2.7967088,2.0650418
Dyrk4,0.008574441090442407,0.3037323695379046,1.9351249445321025e-05,1.5533845,2.3018975,7.02687880118306e-08,1.2749766,1.9434644
Epb41l1,0.008177976652052374,0.31159526245324165,2.3530867532522164e-08,1.5239961,2.8709452,4.341964033255627e-11,1.3308517,2.6169944
Pcdh8,0.008055589972770309,0.19708175153774676,0.0008731336082312168,0.52612656,0.8832904,2.2925092017033853e-05,0.5058404,0.9566439
Daam1,0.007492270269580038,0.05631897332250435,4.0698193452657636e-05,0.5388791,0.9476454,0.0007914924619731829,0.5635008,0.83243805
Prpf4b,0.007302655179716561,-0.12717480785580926,0.00013908770711417763,4.0269065,3.0553198,3.60060793536207e-05,3.477324,2.7962267
Tnrc6a,0.007010387379013365,-0.16875165785165347,0.00047571569110197993,0.9368522,1.3964485,5.832068365042257e-07,1.0258244,1.67569
Rufy3,0.006192440098720292,-0.16189523658049398,8.110447192695704e-05,6.658761,5.498345,4.1420055587612606e-09,7.0493846,5.443954
Ptdss2,0.005587955910996696,0.03635923148805653,2.4362312730223747e-07,3.3226688,2.2137723,1.969433053131724e-09,3.5453975,2.3543854
Tmem230,0.00554667770302878,-0.12081396514515563,0.0003004359579082777,1.3885183,1.0157946,8.047965484243426e-06,1.3545462,1.0147642
Scn3a,0.0051560152192930775,0.28502766717756,2.5787633254794875e-07,0.38744304,1.1510688,1.1336831255018953e-11,0.40745333,1.4639424
Rock1,0.005103021499316713,-0.06389751108410247,5.7404873287210575e-08,3.5507212,2.504199,2.169165355265768e-07,3.6092842,2.5630355
Dph3,0.004961841516269879,0.154440466359284,5.604469648848769e-05,0.97646236,1.5072318,9.591183158989656e-08,1.0192739,1.6980295
Sept3,0.004721175839435682,0.05365375120694571,0.00010860910204122674,2.223316,1.6229521,0.00011355820750656427,2.549846,2.1230934
Zbtb7b,0.004251916599623134,-0.31239037965959193,1.5228853202354938e-06,1.7126702,1.0331635,6.988984726698773e-06,1.57348,1.0377272
Yipf4,0.004206323538150164,-0.012515599224536045,0.00034563848856761307,1.708282,1.2794403,8.91953341802836e-09,1.808011,1.1788743
Ift74,0.003823223462636764,-0.17119061898763155,1.811681533132275e-06,3.4661589,2.5638468,1.3772597434828429e-08,3.4619489,2.5614183
Ebf1,0.003711278739680901,0.010931512236714513,3.1740391106406014e-05,13.33746,10.938129,2.7138662584652207e-09,15.0292225,12.2226305
Wsb2,0.003688144828396206,-0.054861750945452536,4.719107457340538e-06,0.6516157,1.1634171,0.0005246776549719647,0.7132324,0.96237355
Rnf182,0.0030580308046636163,-0.02407836566775101,5.15604471126498e-05,1.7877076,1.2216665,3.250224161172578e-05,2.134201,1.546717
Arglu1,0.0029130972808196474,-0.323569390776401,2.418961739940531e-05,5.5252953,4.5596833,0.00023411788456898213,5.83611,5.1148667
Ppm1l,0.002529026040482318,-0.19076283945627726,0.0008529818499894818,0.68632746,1.0543494,0.0005535616368815565,0.7200893,0.98188287
Ccdc189,0.001433659819839243,0.15902184525607632,1.192860929816448e-05,1.6971182,1.0146527,3.9250586084901253e-10,1.6667056,0.9413969
Ptov1,0.0013335723691769317,0.08576896317476146,2.988205403309576e-05,2.3781693,1.6856302,1.969433053131724e-09,2.3594735,1.6167886
Ccdc157,0.0011380496552679622,-0.29481486199976104,3.8356075556906316e-05,3.3887427,2.4956324,4.23973621020683e-06,3.243878,2.5659983
Ppa1,0.0010543035213980046,0.34611398631361,3.1740391106406014e-05,13.321863,10.515064,2.8913917672509687e-08,13.164244,8.863987
Pnpla8,0.0009723371109902429,-0.007848960197414767,0.0002933381887987871,0.59377897,0.9116482,4.640400592937563e-06,0.553488,0.83892024
Rack1,0.0008291633412942622,-0.22772664392266306,0.0006343301699727587,3.8940902,4.5285907,1.0467277147880981e-05,4.018025,4.890888
Rsrp1,0.0006822718204284021,-0.24998602484564714,4.719107457340538e-06,4.8092813,6.086517,1.0882799720123033e-09,4.544912,6.3017344
Ttc9,0.0005864958310739649,-0.30331981737267055,0.0005142546383116074,2.036732,1.482449,1.0882799720123033e-09,2.1820862,1.3116101
Hcn2,0.00011014630800504454,-0.13907923485360563,0.0002097782507485726,1.5537685,1.0797936,5.145211985112293e-05,1.6267489,1.2123036
Ccdc40,-3.479133286483201e-05,-0.190505446724611,0.00011165480269447927,1.4049067,0.980986,5.4689603067051434e-05,1.467146,1.0377709
Kat2b,-7.102515039942001e-05,0.1159037487229172,0.0003669816201536574,1.0971978,1.4479089,0.00016181287943625716,1.1094341,1.4699756
Cngb1,-0.0006430789389878365,-0.28738093879274773,8.969197429905429e-06,3.7972932,2.7032602,8.419789871212273e-08,3.6160831,2.578109
Ndufa3,-0.001382497224979631,-0.1667058847914289,4.431531278267968e-06,4.6518235,3.547698,1.0040323150392878e-06,4.595129,3.8151424
Eef1a2,-0.0019571155776957946,0.28755012055046336,0.0003357597152797129,5.6335444,4.7096334,7.287706063112138e-10,5.5270495,4.045446
Fmn2,-0.0019917217522482586,-0.1689674432599635,0.00010564567046792822,1.7730793,1.2162669,3.219468579876128e-06,1.6705441,1.1352077
Macrod1,-0.0021541946268339054,-0.07539186098737738,0.0003868149016949494,2.9790084,2.2605526,1.7491889430848113e-07,2.6639633,1.8687356
Polr2i,-0.0022854623008761693,-0.16308419810475727,0.0001592484604943361,1.2292197,0.8806863,0.0003740151343451459,1.3246158,0.9692578
1700016K19Rik,-0.002403814377051802,-0.09302675561423479,5.444663279177548e-06,2.0736148,1.3864056,1.5723868826385643e-07,2.1576724,1.479688
Jade1,-0.0024596652113085893,-0.024009960940136965,1.3107108009511637e-05,0.5971814,1.0650125,6.858791707560126e-08,0.56571454,1.0294805
Slc1a2,-0.0026078169003426977,-0.3369662287928987,3.497929033109378e-05,3.5581954,2.4884565,3.455127210407247e-05,3.2284417,2.4750924
Ralbp1,-0.0031058644502713036,-0.2836627458492007,8.887338402079681e-05,2.7937703,2.1384034,0.00015562052536110909,2.85179,2.2278266
Eif4e3,-0.003255595893533876,0.1385493176764021,0.000573933486632252,1.3474096,0.97076476,1.9636085124422407e-05,1.4352837,1.0116417
Morn2,-0.003325557425310948,0.12203544769727692,0.0004890220374556457,2.7247226,2.0716336,5.303671639359342e-07,2.7030826,2.0828273
Trappc2l,-0.003368312289632839,-0.17840511866237296,8.456325183929534e-07,2.0309782,1.1952602,3.5732923323921154e-09,1.9597208,1.192618
Scrn1,-0.003570763219976161,-0.019679321326062427,2.6587977023493842e-05,1.7742304,1.2405009,5.6884981329412457e-08,1.8224331,1.2414119
Rtp1,-0.003940868661484645,-0.21005782393092276,1.3467496076890238e-08,2.377184,1.1589191,6.847833244374059e-12,2.6353753,1.2542961
Phyh,-0.0040344471725303685,0.17336588160864586,5.559339213559711e-07,2.2335362,1.4856044,2.3607860230394216e-08,2.3004858,1.5281122
Fetub,-0.004205472875446968,0.22819068834899814,3.388138178116912e-07,7.0203824,9.804146,0.0006054355147399609,7.9234157,9.187262
Mapre3,-0.004513830148186141,-0.00671415694908184,0.00012439295587847232,1.3226289,0.8556394,0.00015250822756793147,1.2609961,0.89737344
Dnajb13,-0.0046483340517838295,0.02939421934238662,0.00018208307863038937,2.3252683,1.7012371,1.3237175348666147e-06,2.465429,1.7960361
Coa3,-0.005030326518105313,-0.16668428016153358,5.15604471126498e-05,1.7248921,1.21526,4.6206211040345905e-09,1.929793,1.2076098
Spef1,-0.005172607235559472,-0.11891201844364674,1.2880246274938615e-08,5.088276,2.7094624,5.7641278473453855e-12,5.3055043,2.3764732
1810058I24Rik,-0.0053120521224777175,0.35268007563449566,3.69340381049286e-08,0.7943284,1.507418,2.930346393039085e-09,0.77250886,1.4632773
Cep290,-0.005351196561386181,-0.0849220887626092,5.15604471126498e-05,3.3386378,2.3891666,2.8913917672509687e-08,3.1960895,2.256457
Bbs4,-0.005627712403473347,-0.08030099823615533,2.0187414000700683e-06,1.6990048,1.0423144,2.7955338201051407e-09,1.6439904,0.97909737
Nin,-0.005908676250230787,-0.2428618144629544,7.234037010931792e-05,1.6635469,1.0890867,0.0001782270765552318,1.5026867,1.0423115
D430042O09Rik,-0.00604794273167725,-0.021239785305443126,1.0564551877422155e-06,1.9211994,2.7474816,2.4175893404217435e-09,1.7986313,2.6080675
Tex9,-0.0066487694602492915,-0.03470782973317932,0.0005012428681831422,1.2237953,0.8049767,3.981443171135893e-06,1.3025663,0.8312605
Sdc3,-0.006874949977315035,-0.05969913635054436,2.418961739940531e-05,2.0441833,1.3715538,9.264826198295548e-05,2.022367,1.4945524
Ebf4,-0.007054533701186326,-0.3961213516109463,4.719107457340538e-06,2.0721514,1.352093,1.384186344161876e-07,2.3127024,1.5950547
Oaz1,-0.007543834980891381,-0.03515632574043881,1.9351249445321025e-05,2.0834718,2.8551464,5.832068365042257e-07,2.1462672,2.8852096
Napa,-0.007643432866962161,-0.2242619256915439,5.0208635281305545e-05,2.86911,2.2308903,1.7169212618409398e-05,2.72471,2.1670196
Ttc8,-0.007649326406722128,-0.10085003688236993,3.0055865383964603e-06,1.8998792,1.290278,1.0040323150392878e-06,1.839784,1.2848941
Sdhaf4,-0.007750902781172407,-0.09749978199915454,5.287326873569486e-05,1.9922068,1.4935495,3.2891483600446273e-09,2.069805,1.2983686
Cuta,-0.007775014132977003,-0.19645559329837048,6.470196726522934e-06,1.7948643,1.1487387,2.4565721413565736e-05,1.7006792,1.2290261
Commd6,-0.008004090495582811,-0.2714506340661873,2.5807062796306717e-05,1.8055369,1.2309028,1.9227571741965963e-05,1.7271233,1.30208
Sfr1,-0.008091548893854923,0.07554887956574385,0.00015071417282617336,1.7132984,1.1891886,0.0003230150442957943,1.7590339,1.373893
Hcfc1r1,-0.008298911511317994,0.10330398219893244,2.6076128047899544e-07,3.2211196,2.2767403,1.079478016699577e-08,3.2255282,2.2856457
Nxnl2,-0.008379500369168135,-0.11083027018888925,5.189576075642011e-07,2.8696165,1.7333452,2.5720059191482894e-11,3.408172,1.4852854
Kcnh3,-0.008559097164427255,0.07244135562203957,0.0009199546394701121,1.2534539,0.8708008,3.3235326525316926e-05,1.1830353,0.8373452
Trpm7,-0.008623993509815506,-0.03795648248986483,0.00027757136313067386,0.9322073,1.4636227,1.2502290952584076e-07,0.91317785,1.5017891
Glb1l2,-0.00892217277085352,-0.3022309555823939,4.023922913625074e-06,3.203495,2.3426375,0.0006510196804784187,2.7855012,2.2647822
Slc25a39,-0.008988596475545623,0.06257694711736339,3.329656724085676e-06,1.7964423,1.207125,0.000122721837277519,1.6996682,1.2197268
Nsmf,-0.009128237364965722,-0.1904196602777175,2.988205403309576e-05,1.9084958,1.4089857,1.7958606242673646e-06,2.0399904,1.4128237
Pifo,-0.009687710358013947,-0.22957112576413197,3.69340381049286e-08,4.0024695,2.5160575,9.622939320573315e-12,4.0056915,2.3391914
Oscp1,-0.00995215807343987,-0.3195634417580675,1.071092539558933e-08,4.6035433,2.903252,1.493842358310374e-11,4.859172,3.2090242
1110008P14Rik,-0.010122071206003237,-0.18988906824457752,7.128557136254299e-06,2.4038825,1.76937,4.8156867612199e-07,2.401471,1.7804083
Egr1,-0.010349155480649649,0.217732883537878,5.338302081336373e-09,0.053019874,2.7221365,5.7641278473453855e-12,0.063286774,2.9940608
Ttll6,-0.010406747148554841,-0.393927346806632,0.00019793072215486488,2.986552,2.3294146,2.7406207889474316e-07,3.0706568,2.1858556
Sem1,-0.010551774626416236,-0.37817896451950705,3.497929033109378e-05,6.6952662,5.643117,3.3822845299047886e-06,6.9130807,5.8428593
Ap1g1,-0.010768785933424601,0.05159533789730464,2.2748285499967397e-05,0.58009994,1.085891,0.0007777351168922576,0.6819353,0.92459655
Fkbp2,-0.010800951989250891,0.13378695577995714,0.00040768997621972515,4.836651,4.1040907,3.5718949701331327e-08,5.1782527,3.9183817
Suclg1,-0.011061041673374633,0.09410296134844187,1.7723783309433725e-07,3.0096543,2.0444388,4.924272205334054e-07,2.929757,2.189335
Cidea,-0.011105345402676077,0.3748945522386764,5.338302081336373e-09,2.64505,7.461785,6.146514090916034e-12,1.9731909,5.452604
Dynlrb2,-0.011174792828739863,0.003914962909249087,6.300682961500045e-08,2.5836787,1.4768696,9.027018257199161e-11,2.6349502,1.4017705
Ndufa2,-0.011526032389483583,-0.1702822801818482,2.128099558447523e-05,6.8981256,5.661538,2.4904540661207996e-09,7.135791,5.514562
Map1a,-0.01164549967286332,-0.1249470237016228,6.150963519174229e-08,2.3316007,1.3671541,1.677599455286444e-10,2.1910884,1.1064563
Sun1,-0.011835166884078614,-0.1978346841380738,9.554701203537476e-08,2.2580957,1.2241979,1.4434791044408196e-10,2.2184997,1.3015627
Rufy2,-0.01201438433247539,-0.09513360435984408,2.1544078756847024e-06,2.1657531,1.3414006,1.2436967361118215e-05,2.012053,1.5005953
Rnh1,-0.012532566417292055,-0.0489871446984782,1.4976547820008966e-05,2.7417471,1.9135665,3.2891483600446273e-09,2.795364,1.8918787
Dtna,-0.012555258918217937,-0.07179654255952972,1.7072922357573807e-05,1.8020258,1.1700416,0.00024734614988348443,1.7621348,1.2900193
Anapc16,-0.012615787455885928,-0.10857713054134521,0.00011165480269447927,1.6827548,1.2566701,9.342762627603683e-06,1.718413,1.2436148
Pdhb,-0.012908888037770969,-0.03979595906588007,9.69699164385769e-05,1.7005429,1.1986003,1.553069566369487e-05,1.6572453,1.2168429
A430035B10Rik,-0.012914093751524658,-0.14128240830681205,7.234037010931792e-05,1.6412561,1.0301663,6.642464932624729e-12,2.252148,1.0629432
Faim2,-0.012940677497016244,0.12273992350036533,6.8657213368548e-07,16.14239,13.331995,3.48506857827601e-11,14.388564,10.616282
Ebf2,-0.013026678262577416,0.1882877348042683,2.3753756392456116e-06,6.3195634,4.493331,3.084786604293698e-10,6.565854,4.62818
Ccdc28b,-0.013198651289891153,0.20266213213378825,4.0698193452657636e-05,1.4072982,0.8638686,2.55549084439012e-10,1.5818331,0.9053786
Ttll3,-0.013312482461975889,-0.12771930965328382,3.747478483978371e-08,4.320793,2.609667,2.8372030905421543e-11,4.3970304,2.4473307
Drc1,-0.01339054523080313,-0.16653114425539361,0.00041791087923048417,1.5605496,1.1634192,0.00011590578794762796,1.613886,1.2178205
Sys1,-0.013394139962105542,0.09771694992833546,2.5807062796306717e-05,2.6198227,2.0090396,1.524029029129756e-08,3.0028327,2.0855985
Prdx5,-0.013577013622112924,0.3062886808594405,4.431531278267968e-06,3.5027246,2.5139842,7.857834072663855e-07,3.3245337,2.6222901
Palm,-0.013618351836162954,-0.10913944619026372,6.959836770745558e-08,2.3021688,1.2509329,1.493842358310374e-11,2.0463831,1.0950087
Slu7,-0.013637462456637257,-0.09193942923181964,0.0007202087801851936,1.1352055,0.829538,0.0002826904279714041,1.1708989,0.8247947
Dnajc15,-0.01385229314521521,-0.05398085160443489,0.0008725520168852463,2.249767,1.778776,4.7095516814022347e-07,2.2924004,1.6864083
Elmod1,-0.014006064494777995,-0.21262197178759057,1.6342743271249957e-06,1.8036315,1.145739,3.20274649118136e-09,1.7892692,0.98394156
Paqr9,-0.014128434699678704,-0.31249789714875087,0.0001464406231476342,0.74924165,1.2672215,7.619367150898365e-05,0.71447486,1.1463559
Tubb3,-0.014163470709672754,-0.1463912522719979,8.763703225534969e-07,1.6440213,0.8341511,2.125486944979579e-10,2.1295383,0.84961575
Ascc1,-0.014296236285120993,-0.1454328780745282,8.208464022139127e-07,2.0911484,1.194913,3.084786604293698e-10,2.1229432,1.2823236
Ndufc1,-0.01434460897835111,0.07071770199298955,7.89682139227182e-07,5.443721,4.157063,3.4460002322629955e-07,5.244945,4.3548217
Pon2,-0.01445282935264757,-0.2529875940600297,0.00013908770711417763,1.3098966,0.9382051,1.6786322975604106e-06,1.3550545,0.96312445
Fkbp4,-0.014516282076832651,-0.3263237532838943,2.0528408307795224e-07,2.5180087,1.4588282,3.286048622405518e-08,2.6024737,1.807772
Trnp1,-0.014551744443419876,-0.20402692080895557,9.781856171287092e-07,7.500251,5.4605746,5.7641278473453855e-12,7.4485545,4.35506
Cldn3,-0.014917918013480524,0.38337581678464117,1.1060476230256382e-07,2.2525675,3.6532037,0.00038989221223400037,2.763473,3.3199587
Cby1,-0.015534705151207986,-0.13643648024056731,1.9347867740715313e-08,2.3935258,1.3435283,6.91350456935768e-10,2.4335,1.377191
Tctex1d2,-0.015622562345532656,-0.023899672433624453,2.3753756392456116e-06,1.7533456,1.185172,6.694793015686831e-08,1.9218539,1.2576077
Slc48a1,-0.015807846919378067,-0.04002326314506455,2.128099558447523e-05,1.678131,1.1043274,1.9853941064966045e-06,1.6531111,1.0691785
Nme5,-0.015882080176547794,0.05563042206300339,0.0009895230966750735,1.3559551,0.96470636,7.148464911855495e-06,1.3613559,0.93677676
1110004E09Rik,-0.016028791677038415,-0.10080441325598954,3.031939943202935e-07,3.194866,2.1315274,1.1503002171145467e-11,3.599795,2.114351
Cnppd1,-0.01607731572337233,-0.15865028188308217,7.8663600937526e-05,1.7239937,1.2395982,9.104507267209238e-08,1.6798654,0.9904491
Naa38,-0.016143571021984413,-0.1374287029952559,4.747163522210993e-05,1.2766247,0.8259686,7.317963870202042e-05,1.2846956,0.88986284
Vdac3,-0.01619732344881306,0.0034337389669578666,0.0005568547899835803,2.0152364,1.5553057,0.0008804060972106569,1.8722341,1.4916644
Puf60,-0.01643238515396605,0.19794572511927333,3.2309095308223846e-06,3.5869458,2.4964864,5.534056228176533e-07,3.4008093,2.5603652
Cers5,-0.016589577030460233,-0.23369117334060108,0.0006039506898867704,2.0593078,1.5523518,0.00018853615360059592,1.8465074,1.3820784
Cbr1,-0.01665309998105886,-0.03138390582846462,4.1985808890907935e-05,1.5618699,1.0204915,1.698616042215686e-08,1.5166363,1.0045251
Ift43,-0.016661970974562332,-0.31449981186660847,0.00013908770711417763,5.8858786,5.1899605,0.0009608808001582369,5.875832,5.191741
Fam217a,-0.016707261169628528,-0.23246449602970554,2.2941129821520363e-07,2.8830695,2.0252187,6.695092862456563e-11,2.975041,1.9389596
Ankrd10,-0.01685976777830956,-0.06357615486026846,0.00024152027305283255,1.1251383,0.80006826,1.4955399752911506e-06,1.3828992,0.8685765
Ube2n,-0.01686747964143439,0.09094312836306662,0.0005568547899835803,0.69693416,1.1080569,5.205749458427677e-06,0.71496385,1.1130918
Pfdn6,-0.01690863095487721,-0.16461085687913224,5.437867768024113e-05,2.1392887,1.6267234,2.3246014555840237e-06,2.154135,1.6470484
Mpc2,-0.017014442213177453,0.08405625742618983,0.0007202087801851936,4.055522,3.477473,1.115944626890333e-05,3.9496703,3.2779608
Ncbp2,-0.017236078950662898,-0.0937270982818812,2.3438105196779854e-05,1.3672663,0.9414802,5.4689603067051434e-05,1.3045983,0.979261
Timm13,-0.017664121140061464,-0.17109556391902503,9.781856171287092e-07,4.365905,3.4039855,9.566204595598905e-07,4.3580127,3.4987676
Lamtor5,-0.017702283150873632,-0.37231761820722586,1.1574247188040058e-05,3.6374335,2.8279712,2.68031648423774e-07,3.6411183,2.8495255
Uqcr10,-0.01798104332742411,0.05351704890706621,7.89682139227182e-07,7.2209435,5.7287908,1.53230380886736e-07,7.1122313,5.9277544
Slc27a2,-0.01804119478600394,-0.1613016944533776,5.6000108555853665e-06,2.9072258,2.1612725,2.567658673231198e-05,2.309779,1.7318523
Arpc5l,-0.01810981848230966,-0.280037921736102,0.00018208307863038937,3.0872843,2.4058602,7.685378946011962e-11,3.1835828,2.2808642
Adh5,-0.01812324617467823,-0.21661486825005283,1.1547801523939882e-08,3.5240026,2.080929,1.2929836993433817e-09,3.2180097,2.1997702
Gkap1,-0.018146006214392482,-0.24745818023037947,0.00022820291585155063,1.7448634,1.2433132,1.56317540563597e-06,1.8629677,1.2545581
Ndufaf4,-0.018264979417084104,-0.056778437172334995,4.0665764376701347e-07,1.6735178,1.0903355,0.0009608808001582369,1.7772061,1.340513
Psip1,-0.018341256737821814,-0.08003697405237609,2.5415970619571123e-06,6.0755243,4.6853004,4.368508490458234e-09,6.10541,4.5277658
Omp,-0.018355575336973705,0.24564961482049297,2.1172462887769863e-08,89.569,77.84932,1.5718823949990805e-10,89.38696,76.70987
Bcl11a,-0.018413167411556842,-0.18498089616253965,2.4362312730223747e-07,1.6826162,0.9310975,2.930346393039085e-09,1.7473073,0.8983472
Ift81,-0.018538408579927734,0.026415023549494432,2.4539992933831164e-06,2.4590416,1.7399311,3.11289596369244e-07,2.4414742,1.8097032
2010107E04Rik,-0.01871054002049623,-0.12619120507470294,8.393039326308368e-06,10.186019,8.747404,9.264826198295548e-05,9.899034,8.691058
Ubxn1,-0.018723547455868315,-0.14550883971478612,6.372694674489397e-05,2.3410633,1.8064032,2.677998841323099e-05,2.303068,1.7421577
Ech1,-0.01889352126374194,-0.042394243018595734,5.0208635281305545e-05,3.6489532,2.879894,9.14468393881282e-06,3.2755873,2.5189679
Tnrc6b,-0.018978751946977193,-0.020063704495667967,0.0003174612242706036,1.8621808,1.3921707,0.0003167717261781846,1.7859133,1.3937145
Tmpo,-0.019321871672486633,-0.18175224074304053,1.4050378884392704e-05,1.6766646,1.14141,1.2161938652143798e-06,1.7104969,1.1344323
Ssbp4,-0.01933287752121822,-0.025152157633663963,4.4970154048420033e-07,2.0259416,1.094886,4.044952916211024e-10,2.027554,1.1835711
2410015M20Rik,-0.019349238800107523,-0.030234186558581788,0.00012069819666307653,2.8152752,2.0835474,6.501878584845535e-09,2.7341573,1.8259047
Mapk8ip2,-0.019370557441484665,-0.06951167010980752,1.192860929816448e-05,4.119177,3.2243993,3.136662277496728e-08,4.1910434,3.1010923
Naxe,-0.019514447960530132,-0.1314151308332545,0.0003669816201536574,1.348736,0.96565515,3.672386568225707e-11,1.4499933,0.813318
Gm13589,-0.019855704625997058,-0.31024060439927004,7.63987749314297e-05,1.6912813,1.1228771,1.4576489144898515e-07,1.6885551,1.0269665
Hdgfl3,-0.01998164946073799,0.1307630261883096,0.0003868149016949494,0.5660074,0.9605173,0.00047695351177774585,0.63244283,0.93099475
Slc22a23,-0.02001454324065161,0.3322807550037883,0.00014245675236133806,0.79299605,1.3366008,2.010523355882926e-05,0.7875945,1.2005032
Cacna1h,-0.02023946791016565,-0.00592166197131383,6.132545004504569e-09,2.225495,1.0765561,2.3607860230394216e-08,1.9893079,1.2208518
Slc25a5,-0.02041282219495477,-0.08202152237596194,0.0006343301699727587,11.131373,9.810218,6.383425958603996e-09,11.196812,9.229227
Ndufa13,-0.020465661544395067,-0.29698039010680644,0.0008529818499894818,11.989859,10.662488,4.867175940351795e-06,11.72582,10.440494
Anp32a,-0.020523823467958825,-0.018538198368490466,4.324156996385349e-07,1.6034632,0.9989152,3.054879054051751e-08,1.639295,1.0872401
Ndufb10,-0.02062297557634705,-0.03155123783548319,2.2002831347518604e-05,5.9024763,4.858691,2.932736137621866e-06,5.942034,4.860688
Lhx2,-0.020722622698494658,-0.2457006990725943,5.338302081336373e-09,5.7782474,2.692888,5.7641278473453855e-12,6.1197944,2.481116
Cenpx,-0.02090295129620236,-0.16300555880285916,0.0008295931843283849,1.3582829,1.0347272,3.4460002322629955e-07,1.4381782,0.9156885
Rnf220,-0.020997856259635517,-0.3163276001297577,1.2750294154831195e-07,1.4362123,0.8240591,5.442272154439627e-06,1.4693581,1.0205257
Ankrd54,-0.021090380136589166,-0.2843349209160173,5.7404873287210575e-08,2.2672446,1.046319,1.6088213793342972e-11,2.5420775,1.0303377
Ppdpf,-0.02116430559382391,0.13078856798494154,2.1544078756847024e-06,3.5836546,2.4396892,6.847833244374059e-12,3.8968244,2.2335272
Dtd1,-0.02117180737910037,-0.02115548492249264,9.406883061677181e-05,1.5246993,1.0412321,2.0990805789345727e-05,1.5090969,1.0957378
Auh,-0.02133243138264948,0.002520506377125975,2.988205403309576e-05,1.1511261,0.80963874,7.663833831587412e-07,1.1625419,0.80853003
Mrpl51,-0.02135452586536528,-0.1999157472306281,0.0004523329772688187,2.4200037,1.8733783,9.619613589406202e-10,2.393644,1.4617218
Psmd13,-0.021476335411614065,-0.0973125718990544,0.0006343301699727587,1.6184007,1.164869,4.973213286786043e-06,1.7797438,1.3005369
Lamtor4,-0.021562151004829378,0.026208191817985727,1.3212520896621174e-07,1.518412,0.86294633,6.501878584845535e-09,1.5816921,0.9330092
Hist2h2be,-0.02163181008051604,-0.3064806502804118,1.3107108009511637e-05,4.277453,3.2049727,3.207057386516466e-08,6.0778136,4.4821777
Mapkap1,-0.02168588170716812,-0.2853669588969385,1.8666902054399606e-06,2.04879,1.4318357,3.9935152760778936e-07,2.0784926,1.408614
Arhgdig,-0.021740288527701386,-0.22791921279735528,9.554701203537476e-08,3.5910275,2.1895185,1.6088213793342972e-11,3.5991018,2.0063992
Ndufv3,-0.021810871166720154,-0.26940847273882973,5.338302081336373e-09,12.492149,8.587317,5.7641278473453855e-12,12.268309,8.228467
Ilkap,-0.02189660317231688,-0.15105905862198776,0.00027757136313067386,1.5078835,1.0165553,1.0683070818693989e-05,1.4927534,1.0617555
Ctsa,-0.02234119515844408,-0.2084685806714759,2.7256991281643038e-05,2.1745417,1.4393245,1.5270783739135845e-06,2.295667,1.6602967
Ift27,-0.02239313566374797,-0.300324683941968,5.189576075642011e-07,1.867767,1.1002492,6.085750397314482e-11,1.8594964,1.0378156
Lpcat4,-0.02243581302741122,-0.12467180701745373,2.368480786879288e-07,2.469024,1.5580904,1.018495484608156e-08,2.3195245,1.4811884
Atp5o,-0.02255329567738755,0.1287324267758686,1.998170379913859e-08,12.855861,10.30121,5.497311924605236e-09,12.302668,9.963178
Ypel3,-0.022575228284028893,-0.314964105815144,5.437867768024113e-05,8.640081,6.939797,1.4448383760718854e-11,9.589589,6.4269986
Gadl1,-0.022623030243644694,-0.35920897039186395,9.964074435809961e-05,2.8068724,2.112299,1.3772597434828429e-08,2.5667017,1.7586203
Mslnl,-0.02264685708513191,0.05856328793703791,8.295908084617111e-08,8.822068,6.160625,1.529495984102284e-11,6.422909,3.5910182
Hint2,-0.02267787186423108,-0.11943251241594144,2.3530867532522164e-08,2.7831879,1.6446359,1.6088853800020511e-09,2.8978834,1.8001823
Acbd7,-0.022744824353958207,-0.3014096983518848,0.0006845849512495103,14.430338,13.028965,2.853360958174015e-09,13.804932,11.511969
Manf,-0.02277116245266637,-0.04937795418828439,4.431531278267968e-06,3.2706337,2.3818848,9.264826198295548e-05,2.8296483,2.179658
Lamtor2,-0.022835623130091316,-0.23593595650645627,1.3107108009511637e-05,2.470381,1.8091456,5.994490349161785e-08,2.532793,1.8468423
Ak1,-0.02291055446928727,0.26738303879339986,5.338302081336373e-09,12.477372,5.9284453,5.7641278473453855e-12,12.107046,5.2974625
Arl6,-0.022930592303188883,-0.06558457175261312,0.00010282698582766059,2.634403,1.9735855,5.661173273800287e-09,2.4911482,1.7963625
Uxs1,-0.02301194198741498,0.08998594353051226,5.287326873569486e-05,0.7081694,1.1339943,0.0003886212780441394,0.7185069,1.03307
Sri,-0.023050714987732025,-0.15406216518338134,0.0001682562228165282,1.4285676,0.8777588,1.8392431990512257e-08,1.4380671,0.8423115
Tomm7,-0.023090284308149734,-0.017376760054209406,1.7742870942434318e-08,6.310809,4.371601,0.00019993226426154667,6.2363863,5.341279
Ubxn6,-0.02338504381140599,-0.09433789563502537,1.1460192209131087e-07,2.4793365,1.6601146,5.497311924605236e-09,2.487753,1.6627035
Cd47,-0.023839145968803342,-0.31996803255208706,0.0005142546383116074,3.1035254,2.4551697,7.02687880118306e-08,3.5674775,2.5282037
Snrpd3,-0.023900809066157207,-0.13159601576861002,0.00046320432495296844,1.7185184,1.3500688,0.00042559481033319356,1.7774665,1.419678
Ppid,-0.023972526280380824,0.07704228272777014,2.7256991281643038e-05,1.4105302,0.88534224,5.994490349161785e-08,1.5009247,0.9783775
Rsph9,-0.02410808445434047,-0.18964353935670109,0.0003089967077705548,4.5155554,3.7555869,0.0009952899094344582,4.373009,3.7626822
Rbfox2,-0.024140313875924923,-0.08571318784298398,5.15604471126498e-05,1.6268853,1.1123753,0.00037576614546889846,1.4632701,1.0894107
Pigp,-0.024268355989046073,0.05033157917365427,0.0007359784698910365,3.0480938,2.4458683,1.0942479952567869e-07,3.0455177,2.3402767
C1qbp,-0.024367097015856955,0.0339882948765301,2.3438105196779854e-05,1.4524678,0.92669755,2.5502389308399167e-06,1.4929466,1.0411785
Fmc1,-0.024386886264343273,0.005691185394760656,1.6838098220188725e-06,2.1846204,1.3567036,7.474507008767166e-07,1.8286664,1.3098589
Bcl7a,-0.02444802484002716,-0.30601661165445915,3.4337365350233895e-08,2.486243,1.3776394,1.5406238566454683e-10,2.6980488,1.4834521
Krtcap2,-0.02457353606299265,-0.27953453991813726,1.6838098220188725e-06,2.7065465,1.935712,2.533177747483099e-08,2.6513596,1.8100733
Flrt1,-0.02465063375748364,-0.2636110706395802,5.287326873569486e-05,7.180309,5.7108393,3.454372049093548e-11,7.290651,4.968365
Sdhd,-0.024657741222940316,-0.1004271429835013,2.3753756392456116e-06,2.1922445,1.4551196,2.299191977157373e-08,2.0947196,1.4288995
Bphl,-0.02470420078428907,-0.26726914608093244,4.67205194502577e-07,1.7866775,1.1239415,7.199155178271534e-08,1.795116,1.1938226
Sod2,-0.024790515042053814,0.04879109252812064,0.0003357597152797129,2.6997025,2.0306354,0.00013010273645063406,2.4685013,2.0065227
Ndufb7,-0.02515240043934651,-0.005644167927491672,6.456583015462077e-08,6.191837,4.3836937,1.0485005103220411e-10,6.219175,4.3063188
Prrc2b,-0.025183343482041744,-0.08753989320622879,0.0002855013117311142,5.51886,4.533173,2.984567434876447e-05,5.817028,4.7978516
Rex1bd,-0.025523948877335757,-0.19333174769114825,2.368480786879288e-07,3.5721655,2.5168955,7.311480918451875e-06,3.4808924,2.710349
Rab36,-0.02561347495344099,0.3871581165802511,3.0055865383964603e-06,2.6674323,1.8275651,7.772336350576049e-05,2.4202173,1.8653615
Pdrg1,-0.0258096537715018,-0.13520878873546938,1.8160946482518102e-05,2.8046062,2.0315945,8.218397283775531e-08,2.7242527,1.988473
Pfn2,-0.025817398847484862,-0.19871229491879294,0.0003004359579082777,2.0632355,1.5716419,3.286048622405518e-08,2.2396202,1.4229952
Rarg,-0.025894463201515415,-0.34092999756914777,2.619192638657839e-06,1.7372996,1.1572841,1.495998012175418e-09,1.7057769,0.8589944
B230118H07Rik,-0.02607401984919454,-0.34298014726772763,9.975368944694344e-06,1.8498627,1.2141314,3.207057386516466e-08,1.8063211,1.1858401
Elavl3,-0.026471725431122927,-0.08591456069033288,3.524146052683571e-07,8.626789,6.753678,2.005179600058469e-08,8.673534,6.8264437
Mlf1,-0.02678808897152419,-0.10427965129881045,5.338302081336373e-09,6.0276923,3.5707748,6.642464932624729e-12,5.880075,3.4755387
Eif1,-0.026836789860152498,0.324230177677429,5.338302081336373e-09,32.98164,54.02923,5.7641278473453855e-12,31.732386,52.445255
Mettl26,-0.02702881360011095,0.1155928526775667,1.543381029041462e-05,1.6543969,1.1336579,1.0509482958542238e-06,1.8067658,1.1971494
Kmt5a,-0.027213749425711295,-0.27420858222295186,1.5755626031685854e-08,2.5221975,1.1750032,3.9218706059849656e-11,2.4617176,1.2083933
Ndufa5,-0.02726006992975301,0.03655635405737612,3.5120521553533745e-06,7.275235,5.87124,1.6812871854045174e-05,6.9405046,6.0302496
Ndufb3,-0.027563657790313358,-0.07896252655550651,0.0005568547899835803,5.0551276,4.200277,0.0003835625600706794,5.3334217,4.601511
Emc8,-0.027647687311745606,-0.2316457416990063,0.00041791087923048417,1.3508668,0.99487984,0.00046872354601130875,1.3601438,0.95712674
Bad,-0.027927800124843933,-0.17831099700937414,7.993735735803665e-09,1.9401956,0.86981297,7.874836682600439e-11,1.9425302,0.9320359
Smc3,-0.02818246730888337,-0.20063459701687325,0.00023451330457252648,2.0838892,1.5478522,2.1708957622783687e-08,2.1314888,1.3966959
Dpm3,-0.028232075662224465,-0.16498763247381132,1.4506215889248144e-05,1.6201977,1.1420571,0.000494962032041611,1.6423006,1.320572
Ndufa11,-0.02848447130252052,0.03031509164438173,3.6200537852149975e-06,4.257923,3.2181776,8.870379842023461e-08,3.9809284,3.0882833
Cisd1,-0.029108457273954343,-0.052599120423534096,0.0001174051382981167,5.504549,4.5621123,2.853360958174015e-09,5.4963775,4.0449715
Mrpl27,-0.02918965708171184,-0.28981884412690806,2.1359127368310246e-07,1.6125627,0.90088254,1.6088853800020511e-09,1.6107501,0.8950968
Cldn9,-0.029809294285075946,-0.22888862162378265,2.914567027074849e-07,2.2294471,1.3482765,5.770829486140171e-10,2.3470917,1.2665559
Sec61b,-0.030951345356487574,-0.12739468111826024,0.00013513725070760218,2.0158098,1.4286771,6.115521181345944e-07,1.8551533,1.2481358
Tpd52l2,-0.03127145638503106,-0.2318629727561048,1.2469059922809973e-08,3.4610653,2.0091262,1.2844827307208613e-11,3.5500531,1.8513893
Polr2c,-0.03130670302313803,-0.15743903529876468,1.1574247188040058e-05,3.014694,2.2933109,0.00015868775551991805,3.0752618,2.5414624
Ndufa7,-0.03137951939573205,0.017291122295813977,5.444663279177548e-06,5.903689,4.763094,4.209964081239995e-08,5.994585,4.690785
Atf5,-0.03140095155374081,-0.23809933524775095,1.3467496076890238e-08,41.793064,32.561214,5.7641278473453855e-12,40.43689,27.217216
Gabarap,-0.03165468523893822,-0.24712411377562193,0.0002701427899779222,5.884139,4.918712,1.0066932230791011e-07,5.835348,4.7850842
Srsf3,-0.03171479097385018,-0.21983077713596755,7.207916985102914e-08,6.01243,4.0968423,6.642464932624729e-12,6.1095614,3.36542
Psmb3,-0.03174068702551394,-0.31477716799590016,0.0006039506898867704,3.4830768,2.820715,3.188011272347839e-07,3.6591835,2.9093966
Bax,-0.03177943125622409,-0.2546741916834039,0.00010860910204122674,1.564967,1.0638366,1.2063074095851364e-08,1.5742782,0.9229366
Atox1,-0.03230892117603314,-0.2168066273029683,4.6201742926413424e-08,27.33066,20.694492,5.7641278473453855e-12,28.31912,18.395187
2410004P03Rik,-0.03231676571173532,-0.37164080579875547,5.559339213559711e-07,1.6565351,0.95007396,2.0836014846909455e-09,1.6142969,0.8834573
Atp1a1,-0.032510808118413954,0.1268982213834451,2.1172462887769863e-08,15.754388,11.666967,2.796576449166838e-10,15.226426,11.144109
Ptprs,-0.032573652655054346,-0.14330318136715592,8.763703225534969e-07,5.6519065,7.5603185,6.501878584845535e-09,5.3473964,6.787281
Cib1,-0.03272787033549421,-0.19532026892891152,6.456583015462077e-08,2.3306708,1.3992181,7.486437255885979e-09,2.1533036,1.2890291
Hist1h2bc,-0.032842847056369584,0.27389950063907165,2.705936397612808e-06,5.8287773,4.349026,8.670999870516683e-07,5.759685,4.286551
Atp5k,-0.0333688135086297,-0.12439412740875344,1.4249232333536992e-07,10.040769,7.6202135,4.46029599981657e-05,9.431562,8.245853
Hmox2,-0.03346061396535536,-0.2412532773241638,9.406883061677181e-05,1.4861209,0.9605557,3.5861608366721944e-10,1.6189446,0.90728885
Fam92b,-0.033499754546568304,-0.31848523406910845,5.338302081336373e-09,6.2539062,3.6888804,6.847833244374059e-12,6.0481873,3.5737784
Chd4,-0.033510334003101064,-0.1764051336445469,2.2941129821520363e-07,2.6127722,1.5275996,5.621189521134457e-10,2.6909826,1.7017357
Elob,-0.03403652483318198,-0.16052273579739862,6.007205088826552e-07,6.0959053,4.8928857,2.8723639015553356e-06,5.8959646,4.6877294
Kif5a,-0.03412996447661135,0.003892065836759162,4.602079673726528e-05,1.720094,1.1947418,2.948906080203819e-07,1.6598034,1.1124796
Tbcb,-0.034254864845933305,-0.11866699707163586,3.415414307434316e-06,3.178095,2.2967203,1.115944626890333e-05,3.206185,2.4980152
Ndufa4,-0.03473490068083318,0.13039118048840947,1.0594284993566492e-05,23.73515,21.068037,9.351314438912824e-10,24.199516,20.725218
Uqcr11,-0.03496724064751333,0.0650349241933863,1.4111146104727316e-06,5.037717,3.6728866,7.02687880118306e-08,4.8720355,3.8360004
Hras,-0.03501894457178051,0.001985345018218121,5.559339213559711e-07,1.5899515,0.90207964,1.5309110677784115e-09,1.485467,0.8102437
Atp6v1f,-0.035092541459483664,-0.09722292002808919,0.00012069819666307653,2.672729,1.9921869,3.60060793536207e-05,2.7541442,2.1880097
Pam16,-0.03525027898220122,-0.04419794415129985,0.0009199546394701121,2.0569894,1.5947002,8.709936838735968e-06,2.1906147,1.6700072
Pim3,-0.035257047095999354,0.23320532316569076,1.0719591806040522e-07,0.49988043,1.3768454,8.260304831972204e-07,0.51364046,1.0099783
Lrriq1,-0.03558798426566817,-0.1259590114822835,7.851402353747223e-06,5.6069818,4.427593,1.8097242395921717e-09,5.577829,3.808722
Nfu1,-0.03578391230848832,-0.03205058106316816,1.7723783309433725e-07,0.9193345,1.6528953,1.3001267042905954e-05,1.0026929,1.5407057
Supt4a,-0.03600813507846768,-0.10141936786213823,0.00018208307863038937,2.4901059,1.9091355,3.7075417969458233e-06,2.5853279,1.8968359
Swi5,-0.03600853970295557,-0.12749846442925805,2.817459818275509e-05,3.3751266,2.5795405,5.994490349161785e-08,3.4516284,2.5681343
Mtx2,-0.036219010208384486,-0.018395074884286267,4.602079673726528e-05,1.5802693,1.0732805,4.385345249199919e-07,1.7542663,1.1691785
Faim,-0.036328548031716826,-0.25040198283171833,5.338302081336373e-09,4.7805805,2.4958284,5.7641278473453855e-12,5.1274858,2.6624727
Taldo1,-0.0363536366974202,-0.28253475382967697,0.00019793072215486488,2.8169236,2.0620773,1.4846954092427411e-05,2.8204136,2.1643453
Ccdc34,-0.036578418469868215,-0.38079568224033666,7.89682139227182e-07,2.9432175,1.7376331,6.085750397314482e-11,3.0298066,1.7975909
Rbm39,-0.03663272388715754,-0.17792896550333426,5.15604471126498e-05,6.150472,5.005709,3.219468579876128e-06,6.312677,5.0076685
2210016L21Rik,-0.03670699019694484,-0.22984875854308462,7.770356886671394e-08,3.1213787,1.9999084,2.5108974442091906e-11,3.2608979,1.8824012
Dpy30,-0.03684212715226593,-0.3243513268429703,1.1230503106253524e-05,1.897794,1.2599019,4.443302006795758e-11,2.1008995,1.197674
Tomm22,-0.0373141028632279,-0.3159623725494205,4.719107457340538e-06,2.914858,2.1796741,8.006809330558588e-08,2.8836262,1.9939975
Pygo1,-0.037504731044635406,-0.29202543337985176,1.7183149868682756e-08,2.7832704,1.4967407,1.493842358310374e-11,2.8210037,1.3173012
Mat2b,-0.03750564394051422,-0.08804371210435646,4.147228959651694e-08,2.7510374,1.663898,1.4696750465051865e-11,2.8370621,1.4695266
Mrpl28,-0.03773635394030391,-0.02008134044875054,0.0007359784698910365,1.5831059,1.1269445,2.6216731321974222e-05,1.5794927,1.1572453
Eid1,-0.03777827313303754,-0.04040502783653799,8.008854198336221e-08,8.220461,6.5390706,1.6088853800020511e-09,8.543584,6.419036
Snrpe,-0.03805878394572065,-0.23612326687035923,0.0002933381887987871,2.3558853,1.83636,1.4236337952377044e-06,2.5196197,1.8677838
Atp5j,-0.03815976335992534,0.33397801533062454,0.0003868149016949494,11.241566,9.788485,1.53230380886736e-07,11.030911,9.291827
Ndufs7,-0.03837893526596902,-0.11999820038036413,1.3146489251047928e-06,4.8797264,3.586375,8.708992468802623e-09,4.8949885,3.780691
Park7,-0.03861251826004227,-0.12962073060282764,1.0594284993566492e-05,5.7988243,4.8091865,1.5270783739135845e-06,5.71652,4.6482515
Ndufs4,-0.0393276286242694,-0.14884117360534788,1.3620410421120416e-06,3.107171,2.2561681,1.1410676746494634e-05,2.9865026,2.3416693
Cirbp,-0.040933887115122594,-0.0847463848407155,1.9036511920277948e-07,4.856897,3.341036,2.4398392557494853e-11,5.1983657,3.3083022
Polr2f,-0.04100759644001233,-0.17757980819871122,0.0002034292038286959,1.5504314,1.0798305,9.342762627603683e-06,1.5585694,1.136208
Fbxo9,-0.04105205148549329,-0.14784277154946435,4.0698193452657636e-05,1.7211512,1.180675,0.00010461442805820281,1.8593684,1.3382874
Mgst3,-0.04108949873259424,-0.21911735830803813,1.2469059922809973e-08,16.42571,11.497075,5.87701274852677e-12,16.015104,10.981255
Gtf2h5,-0.04190231513196157,-0.22133271584967806,2.3753756392456116e-06,2.315984,1.5784944,1.8883259545763484e-06,2.3776217,1.8086401
Mtch1,-0.04289995460055244,-0.30036986521379827,0.0007359784698910365,3.4555306,2.7159579,7.280256249761292e-11,3.802202,2.4751468
Mrps24,-0.04295631951845238,-0.22528427663215878,0.00047571569110197993,1.8497542,1.4608071,0.0008063430426620086,1.9292334,1.5499158
Actr1b,-0.0432460748515095,-0.36639213174686014,0.00023451330457252648,2.7369933,2.002679,4.2008572335258815e-07,2.7467642,2.015897
Sh3bgrl3,-0.04342850156017288,-0.3224701953141573,2.3438105196779854e-05,1.674319,1.036748,7.287706063112138e-10,1.8289667,1.0299537
Bmpr1a,-0.043553282837727976,0.07608070253521804,1.2281649526805913e-06,0.32082775,0.81568635,4.5879440373297163e-10,0.2887148,0.83763266
Pfn1,-0.043680260824284646,-0.1288400273369723,0.0002933381887987871,3.2581906,2.52416,6.858791707560126e-08,3.054255,2.1736217
Tesc,-0.044286993931096974,-0.049416486955828676,5.546216663393124e-08,10.813779,7.670721,2.3039672840045226e-11,10.433558,6.720993
Tmem258,-0.04528727729683673,-0.26270571764808937,3.71190744110687e-05,2.4748385,1.8133441,7.460986605575102e-05,2.4574072,1.9649543
Mrps14,-0.04567901040822151,-0.03314722027893802,0.00022820291585155063,2.5390058,1.9232596,4.563221443352816e-05,2.4431148,1.8833363
Abhd16a,-0.04613633215832116,-0.3732091808601836,1.710216140006638e-07,6.161091,4.192537,2.2198261342802096e-10,5.9765024,4.1227603
Vdac2,-0.046369571546586365,0.19742203158417726,3.0055865383964603e-06,5.422802,4.1830235,1.5718823949990805e-10,5.4275994,3.7153924
Nxph3,-0.04809650090725636,-0.25827284335267997,1.0248554928999346e-08,2.7417672,1.3275951,1.319340256946736e-11,2.4577327,1.0730029
Polr2g,-0.04879597845518135,-0.25478655970519104,0.0003357597152797129,2.457741,1.8377379,7.148464911855495e-06,2.5132928,1.7916698
Them6,-0.04992235336698536,-0.2723556283851649,5.338302081336373e-09,10.870294,5.7332797,5.7641278473453855e-12,10.542898,5.0596743
Cfap126,-0.055076188640539224,-0.2420254178357324,1.605819998647608e-07,2.7778943,1.4168345,1.6253727408557657e-11,2.766367,1.4166418
Pitpnc1,-0.055422104872479366,0.3679304078051666,1.9807916556187978e-07,1.0792538,2.3488178,5.0661197553688797e-11,1.0097669,2.4045298
Kctd1,-0.05715431997601083,0.39444307068873763,8.455230133885443e-08,0.14362173,1.1534048,3.48506857827601e-11,0.14901167,1.4245713
Dmkn,-0.12059139234509843,-0.012308306271071157,3.375742534414526e-07,0.7522164,2.6279547,1.8392431990512257e-08,0.9977428,2.7771258
