,0,1
1110004E09Rik,1.9048336935043335,1.8202257692813872
1500015A07Rik,0.9488513511419296,0.8534772765636444
1700012B09Rik,5.706676092147827,5.185757927894592
1700017B05Rik,1.1123629653453826,1.068905781507492
1700097N02Rik,0.3373074355721474,0.1889390629529953
2010001K21Rik,0.10858497865498067,0.10239366292953492
2010204K13Rik,1.4886946725845336,1.5219633495807647
2010300C02Rik,0.15090604573488237,0.17499679937958718
2310040G24Rik,0.8831685250997543,0.8096578657627106
2410004P03Rik,1.4005038416385651,1.3725705707073212
2610037D02Rik,1.189051742553711,1.3577035176753998
2810001G20Rik,1.7406823897361756,1.6840070152282716
2810468N07Rik,0.42971571266651154,0.4494660973548889
2900079G21Rik,0.20633668303489686,0.13284282892942428
2900093K20Rik,1.0838463747501372,0.9661389654874801
3632451O06Rik,1.4599679958820344,1.4557868731021881
4930515B02Rik,0.3606166899204254,0.28128408670425414
4930570G19Rik,0.7710129690170288,0.8199260616302491
4930581F22Rik,1.3403013920783997,1.3494644963741302
4932412D23Rik,0.4071068811416626,0.5264035764336586
4932441J04Rik,0.3130036699771881,0.34283752530813216
5031439G07Rik,0.6696022874116898,0.7526573991775513
5330413P13Rik,1.5627536797523498,1.5333911991119384
5330434G04Rik,0.3163526949286461,0.4218437245488167
5330438D12Rik,1.0273063951730728,0.8894099199771881
5530401A14Rik,0.07237187054008246,0.0731255104765296
5730403I07Rik,2.1580895471572874,2.5791559338569643
6430500D05Rik,1.0938324308395386,1.2661574351787568
6430548M08Rik,1.4253505706787108,1.85104358792305
8030451A03Rik,0.33799197286367416,0.37945333957672117
9530034E10Rik,1.6212643241882325,1.5591013062000274
9530059O14Rik,0.20980190649628638,0.22121355384588243
A330048O09Rik,0.18950965479016305,0.1707509344816208
A430035B10Rik,2.0093337738513948,1.5769322752952575
A730046J19Rik,2.129462411403656,2.2283980298042296
A830010M20Rik,1.3916379261016845,1.2340698373317718
AC034116.4,0.31363126903772354,0.26537456646561625
AC078895.1,3.451650574207306,3.5284558749198913
AC121960.2,1.209241681098938,1.4118432700634003
AC126030.1,0.32949147671461104,0.4094804573059082
AC149090.1,1.1681407964229584,1.2734117686748505
Abca5,2.2497697687149047,2.474260778427124
Abcc1,1.6284253466129304,1.866268631219864
Abcd2,1.834975185394287,1.980333675146103
Abcg1,1.1620708644390105,1.3385564613342285
Abhd16a,3.0253550696372984,3.1886550045013426
Abhd17a,2.2747024130821227,2.3707111620903016
Abhd3,1.5858671391010284,1.6443974792957305
Acbd6,1.3256016981601715,1.366161333322525
Acbd7,4.226049432754516,3.9877925372123717
Ache,0.09639276333153247,0.13860565803945066
Acp2,1.3947419953346252,1.4412316215038299
Acsl6,3.2401144552230834,3.393874566555023
Acsm4,3.930360560417175,4.177363419532776
Acss1,1.2068796336650849,1.3167155086994171
Acss2,1.4945903980731965,1.7351588809490204
Acss3,0.5389859503507615,0.5825576055049896
Actb,9.541442575454711,9.00158896446228
Actg1,0.848997055888176,0.6098635768890381
Actr3b,1.040821670293808,1.004245062470436
Adam22,1.0679917025566101,1.2366181373596192
Adam28,2.2324224495887757,2.0020274555683137
Adamdec1,0.517293102145195,0.5567015552520752
Adcy3,5.492101125717163,5.716476135253906
Adgb,0.3723123529553413,0.37031428098678587
Adgrb2,0.4140165689587593,0.4438009265065193
Adgrb3,0.5792993992567063,0.6773992168903351
Adgrl1,1.010725763440132,1.2581080377101899
Adgrv1,0.2858109346032143,0.33109348982572556
Adh5,2.1248765325546266,2.0149132871627806
Adipor1,3.868050465583801,4.1993964529037475
Afap1,0.9840692418813706,1.1175072145462037
Afap1l2,0.076195118278265,0.06842100851237774
Aff3,0.825377699136734,0.8234216016530991
Agpat3,1.8542210423946381,2.0790801072120666
Agpat4,1.46447744846344,1.343981407880783
Agpat5,0.5506636595726013,0.7050930172204971
Agr3,0.2785879775881767,0.22197054371237754
Agtpbp1,2.152130169868469,2.348768298625946
Ahcyl1,1.5463724899291993,1.7471151757240295
Ahcyl2,1.1725975334644319,1.3380171358585358
Aig1,2.6078857517242433,2.7225726437568665
Ak1,3.935097930431366,4.379935851097107
Ak2,1.0766179430484772,1.0879547142982482
Akt2,0.76886738717556,0.7987676197290421
Aldh3b1,0.7149335342645645,0.5793051308393479
Aldoa,4.674199204444886,4.560420732498169
Ammecr1,0.9538636642694474,1.0631810402870179
Ankrd10,1.4298023879528046,1.8646029043197632
Ankrd12,2.7197989201545716,3.007292401790619
Ankrd13b,1.0700268590450286,1.277810629606247
Ankrd33b,0.8888342064619065,1.1194135570526123
Ankrd54,1.7641762065887452,1.9071038794517516
Ankrd9,0.3939518803358078,0.39257542639970777
Anks1b,0.8987188196182251,0.9326579523086548
Ano2,2.738943910598755,2.981884858608246
Ano4,0.16896200194954872,0.18544980227947236
Anxa5,3.0169546580314637,2.9581848788261413
Apaf1,0.5143990176916122,0.5478536659479141
Apba1,0.9491651499271393,1.0906005835533141
Apbb1ip,0.16848054006695748,0.17361031621694564
Aplp1,5.786559948921203,5.9771979761123655
Aplp2,8.782431144714355,8.82512731552124
App,4.262692012786865,4.294590277671814
Appl1,2.0528713202476503,2.1460028958320616
Arap2,1.2655319452285767,1.3066974806785583
Areg,0.25054707437753676,0.274043710231781
Arglu1,2.8045799255371096,3.2828201913833617
Arhgap26,0.3455026957392693,0.3510276061296463
Arhgap42,0.7529812216758728,0.7551198709011078
Arhgdig,2.31310827255249,2.2825506734848022
Arhgef2,0.816034916639328,0.6889251869916916
Arhgef28,1.771328182220459,1.9685704839229583
Arid5a,0.2943758477270603,0.4956956970691681
Arl13b,1.5858832955360413,1.5739199483394624
Arl3,3.0916862082481384,2.9692274737358093
Arpc4,2.0872982478141786,1.8887729156017303
Arpp21,0.5989203315973282,0.5000697192549706
Arrdc4,0.5158849117159844,0.40142545402050017
Arxes1,1.0210661727190018,0.9985191810131073
Arxes2,1.3303742587566376,1.4261611115932464
As3mt,0.40386643558740615,0.3479005128145218
Ascc1,1.6210235178470611,1.5883307373523712
Aspg,0.2668201738595963,0.3415222504734993
Asphd2,0.30004154533147814,0.34908944606781006
Atf5,10.129678354263305,11.131075181961059
Atf7,0.9664125376939774,1.159564381837845
Atg16l2,0.3151186448335648,0.4484605026245117
Atox1,6.86187783241272,5.985906138420105
Atp10d,1.439960672855377,1.5449465537071227
Atp1a1,5.374312381744385,5.2637020158767704
Atp1b1,7.457892374992371,7.5034317302703855
Atp2a2,2.3399527168273924,2.3380001974105835
Atp2b1,2.308982021808624,2.543794050216675
Atp2b2,0.1279309456050396,0.17762709975242616
Atp2b4,0.5202528882026672,0.7993372452259063
Atp2c1,1.241091581583023,1.3890673959255218
Atp5b,4.145047740936279,4.348183312416077
Atp8b4,0.19611349567770958,0.18967973411083222
Atpif1,3.979551634788513,3.5364168286323547
Atxn7l3b,3.5330790758132933,3.4706349086761477
Avp,9.945603041648864,12.584178471565247
B230118H07Rik,1.4253611040115357,1.3745004606246949
B230216N24Rik,1.075465224981308,1.064661625623703
B230217C12Rik,0.9811840397119522,0.9710453456640243
B430212C06Rik,0.1588837204873562,0.1652435404062271
BC004004,1.1572210907936096,1.063092930316925
BC051077,1.812243503332138,1.7442489242553711
Bace1,1.1905840849876403,1.2352833092212676
Bag3,0.23312248393893242,0.2687212166190147
Bcar3,1.1791846525669099,1.1966695165634156
Bckdhb,0.3834660151600838,0.43010652929544446
Bcl11b,1.8920764923095703,1.41126580119133
Bcl2,1.0661211669445039,1.4906060683727265
Bcl6,0.7708895725011825,0.8918925720453262
Bcl7a,2.0028545117378234,2.1876030731201173
Bend4,0.20619161918759346,0.22840628579258918
Bex1,0.26003276109695433,0.21923154577612877
Bex2,1.7722772037982941,1.6779368925094604
Bex3,1.643123242855072,1.6971910512447357
Bhlhe40,0.21816635444760324,0.2542451085150242
Bmp3,0.3254817119240761,0.33775135993957517
Bmp6,0.6926234585046768,0.7646522116661072
Bnip3,1.4213974475860596,1.3628004086017609
Bod1,1.2598264610767365,1.3622844779491425
Borcs7,1.3770575761795043,1.3334666407108307
Brdt,1.7677027595043182,1.6701811408996583
Bri3bp,0.7724218308925629,0.7534408235549926
Brinp2,1.4863366186618805,1.4479534471035003
Bscl2,0.4283481675386429,0.42897400379180906
Btg2,0.49982530146837234,0.5274765038490296
C130074G19Rik,0.7571602421998977,0.8224200695753098
C130093G08Rik,1.1159023189544677,1.22650834441185
C1qtnf12,0.7948930269479751,0.7079668962955474
C230004F18Rik,0.731712674498558,0.5651728913187981
C230038L03Rik,0.31783484369516374,0.2968709072470665
C230072F16Rik,0.42049856871366503,0.4269924756884575
C230079O03Rik,0.21330201312899588,0.2316296072304249
C230086J09Rik,0.524630849659443,0.6336114954948425
C78859,0.8986148679256439,1.023503795862198
Cab39l,1.218981022834778,1.1895010900497436
Cabcoco1,0.882536386847496,0.8029335844516754
Cabp1,0.2126292060315609,0.267773058116436
Cacna1a,0.4642105144262314,0.6131045806407929
Cacna1b,1.0415906918048858,1.218070365190506
Cacna1d,1.2340927171707152,1.32372150182724
Cacna2d1,1.8002679347991943,1.9087844860553742
Cacna2d3,0.15994587063789367,0.2051817137002945
Cacnb3,2.771555926799774,3.0407665753364563
Cacng4,0.4422155985236168,0.3749485605955124
Cadps2,2.0293480062484743,2.098596498966217
Calb2,9.725390357971191,9.918386135101319
Calm2,13.158305625915528,14.13860071182251
Calm3,3.0549128603935243,3.135975978374481
Caly,1.3366259348392486,1.323641049861908
Camk1,1.2575790548324586,1.2990536332130431
Camk2d,3.3670398449897765,3.4530338501930236
Camk2n1,0.6431455826759338,0.5322349053621293
Camta1,1.3761129510402679,1.511154352426529
Capn2,0.22517331600189208,0.21704325392842294
Capn8,0.232596255838871,0.2441496668756008
Capns1,0.8012032973766327,0.867176069021225
Car2,1.3915984284877778,1.399010683298111
Car8,0.1938642729818821,0.18971313178539276
Cartpt,12.275920486450195,11.455288858413697
Casp3,1.967352021932602,1.7687018966674806
Casp6,0.9732001441717147,1.0145216488838196
Cav2,0.1817700445652008,0.17735484428703785
Cbx4,4.486105847358703,4.6535297203063966
Ccdc126,0.9901745337247848,0.939988180398941
Ccdc141,0.3412847557663918,0.6297101843357086
Ccdc170,1.3762672770023345,1.395105825662613
Ccdc28a,0.8764133524894714,0.7738219171762466
Ccdc33,1.7125429618358612,1.5967997026443481
Ccdc85a,0.2974412992596626,0.4313887095451355
Ccdc85c,0.15999816134572029,0.17559965074062348
Ccnjl,0.1980076724290848,0.23949681341648102
Ccp110,1.733070241212845,1.6951486659049988
Ccpg1os,1.2937400913238526,1.2454019749164582
Cd36,3.9957835483551025,4.012056424617767
Cd44,0.08613617092370987,0.10574645191431045
Cd47,2.6576524901390077,2.6748327231407165
Cd55,4.4873347568511965,4.948414883613586
Cd81,4.892739024162292,4.8009388256073
Cd9,6.930749435424804,6.243054280281067
Cdc42ep3,0.7691600579023361,0.7467182207107544
Cdh15,0.8424580073356629,0.6841097772121429
Cdh22,0.12053459949791431,0.15261509463191034
Cdh26,0.49370012164115906,0.49838289082050324
Cdh3,0.1693926578760147,0.16891436025500298
Cdip1,1.0954335188865663,1.1272828233242036
Cdk14,0.789795116186142,0.798999348282814
Cdk15,0.4256541967391968,0.3052318280935287
Cdk6,0.5242669013142586,0.5734963876008987
Cdkn1a,1.639947054386139,1.1954154753684998
Cebpa,0.3902919179201126,0.329934341609478
Cebpb,1.923997735977173,1.5919591069221497
Cebpg,2.5470573139190673,2.6732050919532777
Celf3,1.155908715724945,1.3102264750003814
Celf4,2.215827648639679,2.202787928581238
Cemip,0.16763115748763086,0.16418376833200454
Cend1,2.3676189827919005,2.2559243655204773
Cep250,1.493733332157135,2.56897803068161
Cep83,1.3932975161075591,1.3702252864837647
Cers2,0.4183916884660721,0.4272706201672554
Cfap126,2.3708585143089294,2.0791319727897646
Cfap20,2.773199224472046,2.512486629486084
Cfap52,0.4870137059688568,0.5389784723520279
Cfap54,0.7755490583181381,0.8922585481405259
Cfap69,3.4685325455665588,3.4928794360160826
Cflar,1.6387588226795196,1.8163457584381104
Cgn,0.6876782292127609,0.7741843193769455
Chchd10,6.527577247619629,6.302817249298096
Chga,10.799839057922362,10.172811994552612
Chgb,1.8076133286952973,1.8594465088844299
Chrna10,0.2271065428853035,0.17654714420437811
Ciapin1,0.9822795134782791,0.9069726103544236
Cidea,2.586676363945007,2.3994003438949587
Ckb,25.934518547058104,23.816419563293458
Ckmt1,2.2922049951553345,2.3047610211372374
Cldn3,2.079032220840454,1.7138307297229767
Cldn7,0.1876022180914879,0.17840685561299324
Clgn,4.186913728713989,4.3823579454422
Clic6,0.43201005190610886,0.46489849776029585
Clip4,1.3422569513320923,1.4087717735767364
Clmn,0.769082053899765,0.9218066084384918
Clns1a,1.0712809586524963,1.130573606491089
Clstn1,3.1274422192573548,3.554013912677765
Clvs1,0.07313076976686717,0.11077276848256588
Cmah,0.2052156913280487,0.17900012493133544
Cmip,4.912037439346314,4.914414882659912
Cnga2,4.1259733581542966,4.344438099861145
Cnga4,3.584511549472809,3.6670486521720886
Cngb1,2.253850345611572,2.379876937866211
Cnksr1,0.27030590996146203,0.2810313686728477
Cnppd1,1.577290894985199,1.677755274772644
Cnr1,0.404821452498436,0.4003537368774414
Cntn4,4.215644359588623,4.0821983337402346
Cntnap4,0.2902465057373047,0.3196715027093887
Cntnap5b,0.0983324122056365,0.11585623510181904
Cobl,0.3082261398434639,0.38618645519018174
Coch,0.6140019524097443,0.7399807977676391
Col27a1,1.0933609986305237,1.140729134082794
Col4a2,0.15810027338564395,0.15365343004465104
Copa,1.6530407238006593,1.8631205832958222
Cops9,1.7343763709068298,1.7011213970184327
Coro2a,1.2331126677989959,1.2947506988048554
Cotl1,1.2350478661060333,1.2633012402057648
Cox4i1,5.307472801208496,5.422711291313171
Cox5a,4.454480428695678,4.333297662734985
Cox7a1,0.6216310673952102,0.6154900300502777
Cox7b,3.03437846660614,2.76000691652298
Cox8a,5.363390851020813,5.1114658975601195
Cpe,2.324208014011383,2.411638491153717
Cpeb4,1.5587013256549835,2.0324035036563872
Cplx2,2.1915901613235476,2.2306124186515808
Cpn1,1.0879243123531341,0.9534060055017471
Creb3l1,1.1636756205558776,1.2069849133491517
Crmp1,0.9500901931524277,1.0077303355932237
Crocc,0.6667591631412506,0.8345031321048737
Crym,1.2027818775177002,1.2215742182731628
Csrnp3,0.5573120713233948,0.5163280391693115
Ctnna1,1.3441248178482055,1.4246345746517182
Ctsb,2.552956142425537,2.7798302721977235
Ctsl,0.7706381452083587,0.7004783672094345
Ctxn3,6.733807158470154,6.704607462882995
Cul1,1.3937953436374664,1.4627751064300538
Cxxc5,0.13653835482895374,0.1960770606994629
Cyb5r1,1.393734780550003,1.328159111738205
Cygb,0.29024332761764526,0.2838925710320473
Cyp26b1,0.7245994937419892,0.7887748289108276
Cyp2j12,0.7400734603404999,0.7099364376068116
Cyp4v3,0.481772238612175,0.5120934423804283
Cystm1,4.249330177307129,4.196995229721069
Cyth1,0.666180112361908,0.772526940703392
Cytip,0.19653252258896828,0.18131183013319968
D1Ertd622e,0.9655823022127151,1.257085485458374
D430041D05Rik,0.204867734760046,0.28310278952121737
D430042O09Rik,1.6193270528316497,1.9630407178401947
D930020B18Rik,0.9296635526418686,1.0490374261140822
Dap,1.0162375873327256,0.9793547874689102
Dcaf4,0.45078633844852445,0.406322016119957
Dcdc2a,7.857136435508728,8.60973313331604
Dcdc5,1.0588358676433562,1.232713792324066
Dclk1,0.7262321829795837,0.6674454498291016
Dclk3,1.1728938817977905,1.5847495877742768
Dcx,1.585018893480301,1.5123585844039917
Ddit3,2.936362521648407,1.955615657567978
Ddo,1.1461581361293793,1.2905695974826812
Ddr1,0.1399841684103012,0.10649486392736435
Ddx5,6.187451090812683,6.279535994529724
Defb25,0.24057774916291236,0.21577564865350723
Dennd4a,0.9608864140510559,0.9464489734172821
Dennd5a,0.858349762558937,1.054641762971878
Denr,1.317930816411972,1.2889881646633148
Dgkg,0.5313111889362335,0.7401843327283859
Dgki,0.20157355904579163,0.2040458859503269
Dgkk,0.07954230334609746,0.07459456611424685
Dhrs3,0.752614254951477,0.9189932352304458
Dio2,0.8384103834629059,1.2096457743644715
Dio3os,0.21997342944145204,0.17830159902572632
Dixdc1,0.49098256677389146,0.5286393794417381
Dleu7,0.5321956875920296,0.7620455348491668
Dlg1,1.8034597516059876,2.0598692071437834
Dlg2,11.757009181976319,23.000548191070557
Dlx5,0.267235214561224,0.30104388058185577
Dlx6,0.3227131539583206,0.3433701279759407
Dmd,0.29468549773097036,0.31963891386985777
Dmkn,1.522309160232544,1.459704520702362
Dnaic2,0.5712192887067795,0.7115280437469482
Dnajb14,3.165855484008789,3.1845216035842894
Dnajb9,3.548767850399017,2.8030909419059755
Dner,1.75509575009346,1.8079550051689148
Dnm1,1.956874270439148,2.2590289521217346
Dock8,1.2112207472324372,1.2623613357543946
Dpysl2,1.7903431928157807,2.1027098727226257
Dpysl3,0.41481624901294706,0.3698223221302033
Dtna,1.589358936548233,1.7342335486412048
Dtnbp1,0.2677288690209389,0.2630852667987347
Dusp26,0.28222277998924256,0.260826618373394
Dusp8,1.8296115255355836,1.9043692553043365
Dynll2,3.0714375519752504,3.2974697089195253
Dyrk4,1.3512710905075074,1.6807433116436004
E130215H24Rik,0.8967531257867813,0.7769977921247482
E2f1,0.24403449147939682,0.1956043317914009
Ebf1,5.235823059082032,5.175472517013549
Ebf2,3.522519638538361,3.617957584857941
Ebf3,3.252650876045227,3.152392704486847
Ebf4,1.5594483315944672,1.7654444003105163
Ece1,1.2864510428905487,1.4559001123905182
Ech1,2.01551331281662,1.9387458336353303
Eci3,0.5291258755326271,0.4957753503322601
Edem1,0.3849963727593422,0.34929112285375596
Edn2,0.33767488569021226,0.24937962368130684
Eef1a1,3.024958486557007,2.288693528175354
Eef1a2,2.625493099689484,2.81923353433609
Eepd1,0.20069857358932494,0.2824044391512871
Efcab10,2.1844885993003844,1.9445940089225768
Efna3,4.2279391193389895,4.5528995800018315
Efna4,0.2515839183330536,0.2432962603867054
Efna5,1.6098798024654388,1.845010051727295
Efr3b,1.6002178907394409,1.9199833166599274
Egr1,0.46488991618156433,0.20825754329562188
Eif1,8.234849433898926,9.22210446357727
Eif4e3,1.4066977870464326,1.5365277934074402
Elavl4,1.2391458117961884,1.3766144037246704
Elfn1,0.09031013041734695,0.038717490639537576
Ell2,0.5500155019760132,0.5787842983007431
Elmod3,2.236066415309906,2.5511225390434267
Elovl7,0.32477753788232805,0.33882910341024397
Emc7,2.5059912991523743,2.4193105149269103
Emilin2,0.2609349384903908,0.23840704500675203
Eml1,0.9517200481891632,1.036475070118904
Eml5,1.6397776877880097,1.9429866194725036
Emx2,1.457821809053421,1.303531709909439
Emx2os,0.6280256175994873,0.6370985567569732
Endod1,2.6889798784255983,2.7463800716400146
Eno1,2.7131910490989686,3.0146896171569826
Enpp5,0.38555238097906114,0.4106510400772095
Entpd2,0.827459517121315,0.8282848900556564
Eomes,0.7487697780132294,0.6467999368906021
Epb41l1,1.5017364811897278,1.95184295296669
Epb41l4b,0.9885022974014283,1.027079582810402
Epcam,3.75262122631073,3.660704617500305
Epha5,5.160728569030762,5.695350756645203
Epha7,1.0249365484714508,1.6969746470451355
Ephx1,0.4152591294050217,0.43263093650341033
Ephx4,3.2189516615867615,2.601046347618103
Erbin,2.1810492491722107,2.8755241656303405
Erlin1,1.1969818150997162,1.0304512578248977
Esd,0.5682245409488678,0.4568908366560936
Etv3,1.0325524830818176,1.0899469876289367
Etv4,0.428306567966938,0.6739298593997955
Etv5,0.5863609111309052,0.7094172960519791
Evl,1.123425520658493,1.1665030646324157
Exoc6b,3.35419917345047,3.5960498666763305
Extl1,0.3454610139131546,0.3033411011099815
F730043M19Rik,0.8561826944351196,0.9866231089830398
F8,1.0163861775398255,0.8421703779697418
Fa2h,0.09428134016692638,0.10800841934978962
Faim,2.672796158790588,2.5155121660232544
Faim2,6.048041791915893,6.263112301826477
Fam129a,0.18221500217914582,0.11008386887609958
Fam131c,3.2836534762382508,3.7628410029411317
Fam13a,1.96360094666481,1.962876148223877
Fam171b,1.413860604763031,1.450290858745575
Fam174b,0.2246040055155754,0.183624377399683
Fam193b,1.1146377003192902,1.3899691951274873
Fam19a4,0.519344270825386,0.53517079859972
Fam213a,6.669768080711365,6.331509399414062
Fam213b,7.571485581398011,6.888203368186951
Fam217a,2.08582097530365,2.2966313982009887
Fam221a,0.9788627350330352,0.7680629336833954
Fam241a,0.8436454433202744,0.8368323004245758
Fam46a,0.33722830325365066,0.4322953677177429
Fam69b,0.4344677609205246,0.425935865342617
Fam81b,2.6635041499137877,2.5011031198501588
Fam89a,1.3199901247024537,1.1579433488845825
Fanca,0.3981597885489464,0.36341678977012637
Fbp1,0.13978123128414155,0.175436110496521
Fbxo45,0.941980448961258,1.0792060279846192
Fetub,4.847138566970825,4.987604417800903
Fez1,0.537431001663208,0.5198709973692894
Fezf1,1.0529221618175506,1.0251804381608962
Fgd2,0.5735205841064454,0.4850777718424797
Fgf12,3.17757493019104,3.2042170000076293
Fgfr1op2,1.769763926267624,1.6417184901237487
Fhad1,1.6421767020225524,1.8762847995758056
Fhod3,0.40299655675888063,0.42040355801582335
Fibin,0.6585055494308472,0.6329074651002884
Fkbp2,2.688048770427704,2.7638478302955627
Fkbp4,1.6893968558311463,1.9547580099105835
Flrt1,4.513851361274719,4.893391637802124
Fmn1,0.30229132771492007,0.366520916223526
Fndc1,0.18037891402840614,0.16440006256103515
Fos,0.6706442254781723,0.6273194015026092
Foxp1,2.1950775885581972,2.0943276381492613
Frem2,0.28764686703681946,0.30095675826072693
Frmd3,0.7217473137378693,0.7031760603189469
Frmd4a,0.21987973660230636,0.22276576235890388
Frmpd3,0.1030799400806427,0.12941796027123928
Fstl5,9.330588474273682,9.66224687576294
Fth1,7.785001187324524,7.31220383644104
Ftl1,2.3236744832992553,2.124009449481964
Fuca1,0.9270127189159393,0.8674416720867157
Fuca2,0.9975736689567566,1.091797295808792
Fut8,1.4672948241233825,1.5079795503616333
Fxyd2,2.922166557312012,5.577559876441955
Fxyd6,0.5105353286862373,0.7153651893138886
Gadl1,2.3120094537734985,2.234337627887726
Galnt15,0.3953305888175964,0.45706003248691557
Galnt7,0.6609685236215591,0.7052836334705352
Gap43,0.4684886273741722,0.348877560198307
Gas1,1.0308986407518388,1.0529233992099762
Gatad2a,1.5683969497680663,1.7003093934059144
Gck,0.08712257474660873,0.09868561066687107
Gcnt2,1.7546515882015228,1.7181349515914917
Gcnt7,0.9771105653047562,0.9451164358854294
Gde1,1.730679794549942,1.6416469490528107
Gfra1,0.1547962036728859,0.13456589169800282
Gfra4,0.07108673393726349,0.0636679451726377
Gfy,9.74670316696167,10.217143516540528
Gk5,1.59904110789299,1.628806972503662
Glb1l2,2.1380324864387514,2.1571393156051637
Gldc,1.8587207674980164,1.7029084360599518
Glo1,2.3337469935417174,1.9717833650112153
Glul,1.403812619447708,1.6762503910064697
Gm10432,1.4015089058876038,1.3464942348003388
Gm10791,0.2707162293791771,0.28436294361948966
Gm11992,3.138604803085327,3.577216074466705
Gm13499,1.0629624724388123,1.0674086904525757
Gm13589,1.6893444454669952,2.0012531840801238
Gm13648,2.6348611998558042,2.57178813457489
Gm14471,0.15391696862876414,0.14512015923857688
Gm15675,0.10945325508713723,0.2040940384566784
Gm16083,0.3196480017900467,0.33453342974185946
Gm16196,1.030158237218857,0.9356688356399536
Gm16579,0.6743472933769226,0.7667331582307816
Gm1673,1.0773164582252504,1.0288651275634766
Gm17251,0.9352115315198898,0.966051053404808
Gm17749,0.25823095589876177,0.25190595135092736
Gm17922,0.4333590012788773,0.46779739737510684
Gm19935,0.17246001690626145,0.15179491698741912
Gm20257,0.419830963909626,0.41346301764249804
Gm20531,0.7796931779384613,0.6950674211978912
Gm26512,0.4645773908495903,0.5599567517638206
Gm26728,0.2099812163412571,0.22710901170969008
Gm26777,0.6970239943265915,1.0147718304395676
Gm29674,0.14616086281836033,0.19015775695443154
Gm31557,1.8674951004981994,2.091238909959793
Gm36640,0.31029284328222273,0.31983089208602905
Gm37033,0.44924826323986056,0.7000667929649353
Gm37109,0.12348402105271816,0.19277550145983696
Gm37283,0.20479513078927994,0.3551304671168327
Gm3896,0.4239511117339134,0.4756080764532089
Gm42372,1.1418474805355072,1.2654773795604706
Gm42478,0.2319498200714588,0.3234019514918327
Gm42480,0.2688129112124443,0.45931923180818557
Gm42481,0.22413279443979264,0.3802745705842972
Gm42482,0.29343494296073913,0.44649636417627336
Gm42484,0.26708510011434555,0.33323837876319884
Gm42616,0.7462103265523911,0.9817749500274658
Gm42635,0.32872865796089173,0.5128792381286621
Gm42639,0.44737140387296676,0.5897173005342483
Gm42640,0.3141353753209114,0.43522523164749144
Gm42680,0.279077286273241,0.2574440823495388
Gm42716,0.2755197052657604,0.44504191070795057
Gm42912,1.0843893349170686,1.102161455154419
Gm43174,0.8356683748960495,1.2499961006641387
Gm43175,1.0698049581050872,1.4503355884552003
Gm44109,0.25817276135087014,0.34761253714561463
Gm44250,1.6838511669635772,1.8771546232700347
Gm44723,0.09711031027138234,0.09106637701392174
Gm45176,0.25313746735453607,0.29936711609363553
Gm45182,0.2920520704984665,0.3683003127574921
Gm45183,0.20682404577732086,0.2626259621977806
Gm47851,0.3300952151417732,0.5211142998933792
Gm4869,0.6184974402189255,0.6312546265125275
Gm48860,0.5332932586967946,0.40707457780838013
Gm49066,1.073231303691864,0.9856267088651657
Gm5441,0.2567263901233673,0.42345728784799574
Gm6878,1.3447876346111298,1.2611357688903808
Gm6999,0.12678017847239972,0.15434065915644168
Gm7534,0.7839923632144928,0.8954287999868393
Gm7808,0.09225151006132365,0.1153009907156229
Gm8234,0.5980060577392579,0.5204441720247268
Gnal,13.04265630722046,12.856042613983155
Gnb1,14.82769009590149,17.264294700622557
Gng13,19.430182266235352,16.800370445251463
Gng3,0.37305284798145294,0.39216778755187987
Golga7b,1.3550832533836366,1.6017139375209808
Gpat3,0.9340732216835022,1.0628420114517212
Gpc1,0.4296292698383331,0.49998131036758425
Gpm6a,3.389406499862671,3.286348249912262
Gpr158,0.9595536512136459,1.0584706497192382
Gpr162,1.207585883140564,1.2440366804599763
Gprc5c,1.138068027496338,1.2485568511486054
Gramd1c,4.327817788124085,4.264528579711914
Grik5,0.500492053925991,0.6353816270828248
Grsf1,1.813360642194748,2.0690131688117983
Gstm5,0.5085771772265434,0.443847798705101
Gucy1b2,0.1431950519233942,0.14067980367690325
H2-M10.3,0.5479091641306877,1.0201309078931808
H2-M10.6,0.47608539551496504,0.7630770015716553
H2afy,3.9333887004852297,4.154077215194702
H3f3b,5.972880711555481,4.572043008804322
Hagh,1.4069296407699585,1.4447594118118285
Hap1,0.5625081360340118,0.6905067509412766
Hcn1,1.258464435338974,1.3492890763282777
Hcn2,1.5253899919986724,1.7389100396633148
Hdac11,1.3482041728496552,1.2930455613136291
Hdac9,1.2184312057495117,1.3630316984653472
Hdlbp,3.1030635905265807,3.1925756192207335
Hectd2os,1.176779420375824,1.1868466174602508
Heg1,0.8779054498672485,1.1401049518585205
Herpud1,3.896696484088898,3.5942850589752195
Hfe,1.1072938990592958,1.013055853843689
Hist1h2bc,3.053089642524719,2.7847532558441164
Hist2h2be,4.207857942581176,4.812555732727051
Hist2h3c2,0.8462063449621201,0.8987927204370498
Hivep2,0.9655078476667405,1.4358691573143005
Hjurp,2.53347286939621,3.0489071941375734
Hmgb2,1.1742462015151978,0.816505691409111
Hmgn3,4.506094636917115,4.197751002311707
Hmox1,0.6881789547204972,0.515321453511715
Hmox2,1.5103682720661162,1.4323744559288025
Hnrnpm,2.7199235486984255,2.8292586469650267
Homer2,3.34916246175766,3.9154269242286683
Hopx,0.6317153435945511,0.5977829188108444
Hpcal1,1.08851518034935,1.2218219077587127
Hrasls,0.8217894577980042,0.7544039022922516
Hrk,1.4990539002418517,1.4246909391880036
Hs3st1,0.7218445789813995,0.6291869908571244
Hs3st3b1,0.26133318662643434,0.3279739502072334
Hs3st5,0.7266481435298919,0.7266208678483963
Hs6st1,0.9620692527294159,0.8532810926437377
Hsd17b11,1.0401148468255996,0.8625853759050369
Hsd17b12,1.3115531766414643,1.2999455094337464
Hsp90b1,4.5902504014968875,4.831957354545593
Hspa2,0.6450933921337128,0.5663690888881683
Hspa5,4.213611416816711,3.9373839044570924
Hspa8,5.115606713294983,5.66943085193634
Htatip2,1.847405014038086,1.7200505423545838
Htra4,0.1471183607727289,0.07851881213486195
Hus1,0.6233861315250396,0.7648054605722427
Ick,0.8392240691184998,0.8483012670278549
Id2,0.2787477986514568,0.2945138975977898
Id3,0.3592786765098572,0.4221630650758743
Id4,4.771078763008117,4.559934277534484
Idh3a,1.3538696038722993,1.3986447823047639
Ier2,1.5759468364715576,1.5007512474060059
Ier5,1.1028409278392792,1.1252499747276306
Ier5l,0.09495607376098633,0.07316683765500784
Ifi27,2.4916971158981323,2.6784338617324828
Ifit1,1.6791171157360076,1.9201889622211457
Ift43,2.5604900240898134,2.4158551120758056
Ift74,2.2035714602470398,2.108532633781433
Igfbp5,0.21567994326353074,0.20315047919750215
Igfbp7,0.4427701461315155,0.5721382904052734
Igsf9b,0.7232582378387451,0.9896607345342636
Ikzf3,0.10450867891311645,0.07755699761211872
Il18,0.5733086270093918,0.5506258451938629
Il6st,0.8513661003112794,0.9067975747585296
Ildr2,0.19064069911837578,0.19720543593168258
Impdh1,2.8710315370559694,2.9493918633461
Inafm2,0.111717519313097,0.10478174649178981
Inpp5f,1.546377091407776,1.587715606689453
Inpp5k,1.4466332030296325,1.4387921810150146
Ip6k2,1.3699260020256043,1.040548493862152
Iqgap2,0.4875798979401588,0.4898248678445816
Itga1,0.1724149067699909,0.1343877986073494
Itga9,0.07626188103109598,0.09717186532914639
Itgb1,0.7840168541669845,0.7911751580238342
Itm2b,3.5329200792312623,3.4319741129875183
Itm2c,1.447885799407959,1.519657781124115
Itpka,0.508506555557251,0.5018701988458634
Itpkb,0.8520622086524964,1.2426859951019287
Itpr1,0.3864831078052521,0.47643820494413375
Ivns1abp,3.7643728160858156,4.344178895950318
Jag1,0.5897689968347549,0.863847274184227
Jakmip1,5.009600749015808,4.8208558559417725
Jarid2,1.952630685567856,1.9888066744804382
Jdp2,0.6611780941486358,0.5937833017110825
Jph4,0.16673464968800544,0.1658409693837166
Jun,2.540919659137726,2.147793936729431
Kat6a,2.2858261346817015,2.507232267856598
Kbtbd11,0.6789125460386276,0.6180844008922577
Kcna1,0.38478704810142517,0.44864766895771024
Kcna2,2.048155633211136,2.2043768048286436
Kcna6,0.9557534617185592,1.0040835267305375
Kcnb2,0.21124889433383942,0.25831025198102
Kcnc1,0.22255566269159316,0.27490689992904666
Kcnc4,2.95878027677536,3.2962571668624876
Kcnf1,0.12518086314201354,0.2032589338719845
Kcng1,0.7191975742578507,1.4407117569446564
Kcnh6,0.3560644096136093,0.4569698163866997
Kcnip4,0.6859257233142853,0.7421077817678452
Kcnk10,1.516801847219467,1.641225152015686
Kcnk12,0.29166753143072127,0.26406392246484756
Kcnma1,2.139164230823517,2.4696059465408324
Kcnmb2,1.7800268971920012,1.6507334303855896
Kcnmb3,1.5656267154216765,2.0472241127490998
Kcnn2,0.9365675580501557,0.9955708229541779
Kcnn3,0.17273323535919188,0.1885670790076256
Kcnrg,0.1854506228864193,0.15331082440912724
Kcns3,1.3569324457645415,1.4741971397399902
Kctd1,0.4711488971114159,0.627824450135231
Kdm5b,1.6734357762336731,1.4700183916091918
Kdm6b,1.4498891651630401,1.506798095703125
Khdrbs3,2.245816912651062,2.3300903987884523
Kif1a,1.9550053644180299,2.2792910361289977
Kif5b,4.11644278049469,4.433718929290771
Kif9,1.0920112705230713,1.1655935490131377
Kirrel,1.0338153040409088,1.3165764224529266
Kirrel2,5.438307046890259,7.634792804718018
Kirrel3,1.2084813404083252,1.1620603442192077
Klhl5,2.702553358078003,2.8659152793884277
Klkb1,0.44681174218654635,0.6493408966064453
Kmt5a,1.9304899597167968,2.0920809721946716
Kntc1,0.4675969138741493,0.5443979915976525
Kras,2.273619017601013,2.2925628304481505
Krt25,0.20387862429022788,0.24561319425702094
Krt72,0.6949577754735947,0.6410543513298035
Krt80,0.15250834003090857,0.1811699014157057
Krt90,0.7460744374990463,0.8150697267055511
Ksr2,2.0467854154109957,2.1940219807624817
Ktn1,2.035799263715744,1.7928852510452271
Lactb,0.7878453797101974,0.7646432739496231
Lama3,0.16639792203903198,0.2913046272099018
Lbh,0.2953868451714516,0.5179694834351539
Ldha,0.2479010421037674,0.326343809068203
Ldhb,5.723523159027099,5.695325345993042
Ldlrap1,0.5467416071891784,0.7187604629993438
Lgals3bp,0.4573170679807663,0.4554957589507103
Lgmn,1.8328602981567383,1.8837313640117646
Lhx2,3.0845839023590087,3.6068648219108583
Lifr,0.9372285008430481,1.3986428189277649
Lima1,1.3201414847373962,1.6296682238578797
Lman2l,1.870748804807663,1.9866822600364684
Lmf1,0.6510017412900925,0.7133769589662552
Lmf2,0.42575627386569975,0.5005859383940696
Lmo2,0.8774003028869629,0.8251750981807708
Lpcat1,0.9773566633462906,1.099231139421463
Lpgat1,0.5759040749073029,0.7624907654523849
Lrguk,2.9433587312698366,3.41363130569458
Lrp6,0.9066429632902145,0.8428752678632736
Lrrc10b,1.905507048368454,1.6761118233203889
Lrrc36,0.13503195129334927,0.13197601847350598
Lrrc3b,2.200075857639313,2.8869809818267824
Lrrc59,2.082683985233307,2.2582438373565674
Lrrn1,1.8535105633735656,2.2084112763404846
Lrrn2,0.5102869036793709,0.47246992737054827
Lrrn3,0.5052345970273018,0.46233884781599044
Lsamp,0.30694708347320554,0.24581532716751098
Lsm6,1.6728849351406097,1.6317269551753997
Lurap1,0.1046549455076456,0.09544464752078057
Lurap1l,0.31066754132509233,0.3471594446897507
Ly6h,0.5168014743924141,0.5593483155965805
Ly75,0.36872358709573744,0.45624593943357467
Lysmd2,0.08798322558403016,0.10081809736788273
Macf1,3.7477694249153135,4.109512619972229
Macrod1,1.827705670595169,1.913434351682663
Mad2l2,0.5728207439184189,0.49414690494537356
Maff,0.5001948818564415,0.5444502353668212
Magi2,1.5116201317310334,1.3974668407440185
Manea,2.9398391437530518,2.9307061529159544
Map1a,1.9167007911205292,2.2466207790374755
Map1b,11.489791193008422,12.680689573287964
Map1lc3a,3.1883086442947386,3.374022443294525
Map1lc3b,2.769644525051117,2.67837432384491
Map2,0.5033352369070053,0.5859576970338821
Map3k19,1.3080818617343903,1.6868110239505767
Map3k20,0.17895834803581237,0.18034627720713614
Map4,0.40349967300891876,0.39593046516180036
Mapk8ip2,2.4852531814575194,2.5678264474868775
Mapre1,1.1984530735015868,1.2433287334442138
Marcks,0.8485925394296646,0.7360771417617797
Mbl2,0.769006307721138,0.5329521027207375
Mbnl1,1.522034958600998,1.6882562339305878
Mboat1,1.019708176255226,1.0278051257133485
Mboat2,0.5650349980592728,0.7267894142866135
Mbp,0.4073012682795525,0.49293784201145174
Mcc,0.7268975305557251,0.8074274855852127
Mcf2l,1.8692995953559874,2.1333945322036745
Mcoln3,0.7272926533222198,0.8714854723215103
Mctp2,0.20512788102030755,0.19415074810385705
Mdga2,0.8719697540998459,0.952886946797371
Mdh1,4.248072109222412,4.3861233997344975
Me1,0.4584537896513939,0.49233845114707947
Med12l,1.139332640171051,1.3551882553100585
Med21,3.0069128274917603,2.9454606699943544
Med30,0.9863227707147598,0.9528178936243057
Mef2b,1.857921073436737,1.5454386854171753
Metrnl,0.6400051432847976,0.740167937874794
Mfap3l,0.2049877178668976,0.18297702714800834
Mfge8,1.476146914958954,1.4938661193847655
Mfsd4a,1.4393400871753692,1.7404381656646728
Mgat4b,1.8667599761486053,2.0214704847335816
Mgea5,1.3653987681865691,1.5563624000549316
Mgmt,0.9310510569810867,0.922916025519371
Mia3,1.5625273084640503,1.64554563164711
Mitf,0.4752687448263168,0.3999721670150757
Mlf1,2.570315411090851,2.3722435426712036
Mlip,0.439008840918541,0.6786692756414413
Mlxip,0.8376812827587128,1.0113909506797791
Mmel1,0.5196298614144326,0.6843535953760147
Mmgt1,1.1981611943244934,1.2291262578964233
Mmgt2,0.28300938159227373,0.2267008076608181
Mmp16,1.2488514590263367,1.334112069606781
Mpdz,0.12190162688493729,0.10349486082792282
Mpped2,0.5583706849813461,0.543413416147232
Msi1,1.0519467270374299,1.1493356466293334
Mslnl,5.015017509460449,4.075785746574402
Mt1,9.869121398925781,6.907930617332458
Mt2,2.2515436363220216,1.858954280614853
Mt3,1.220942598581314,1.0526649522781373
Mta3,0.5332122153043747,0.5335251730680466
Mtch1,2.1108764028549194,2.1948913145065307
Mtcl1,1.3229077661037445,1.680665533542633
Mtr,0.6941140168905258,0.8700551074743271
Mturn,1.1363482129573823,1.0508633267879486
Mustn1,0.37964928030967715,0.4764750602841377
Mvk,1.0413023114204407,0.9109876227378845
Mxra7,0.6198777568340301,0.7013203167915344
Mycbp2,3.169269497394562,3.3563387799263
Myo1b,0.35848516285419463,0.3658293402194977
Myo1d,0.48280689358711243,0.4736370438337326
Myo6,6.955653896331787,7.233366146087646
Naaa,1.6279310297966003,1.4737475466728212
Nadk,0.9410457843542099,1.0063940316438675
Nap1l5,1.7818791091442108,1.8483417022228241
Ncald,0.0679777442663908,0.07951536357402801
Ncam1,5.72292950630188,5.919894981384277
Ncam2,1.8424815440177917,1.9731736958026886
Nceh1,1.1661464440822602,1.115131903886795
Ncoa1,1.9674946570396423,2.1767244815826414
Ndfip1,1.469879777431488,1.3680589032173156
Ndrg1,0.1188112086057663,0.18347210615873336
Ndrg3,1.9154482424259185,2.278376462459564
Ndrg4,1.2515261614322661,1.3406165742874145
Ndufa13,3.4881090354919433,3.355495240688324
Ndufb3,2.3104197931289674,2.1608805322647093
Ndufv3,4.000458519458771,3.6207768654823305
Neat1,3.1257614946365355,4.037218339443207
Nebl,0.379253543317318,0.39459330946207044
Necab1,1.4766313648223877,1.443510113954544
Necab2,0.6153753262758255,0.6854704135656357
Necab3,0.7985613918304444,0.7392879676818848
Nedd9,0.6369729280471802,0.8308687502145767
Nell2,0.1733560173213482,0.2069815093278885
Nenf,0.958596710562706,0.8821775144338608
Neu1,1.6708257102966309,1.5258455133438111
Nexn,0.4361918067932129,0.37978420436382293
Nfat5,1.7121896302700044,2.182197117805481
Nfatc2,0.4071203032135963,0.6025898581743241
Nfe2l2,3.012031230926514,2.913915774822235
Nfia,0.6604872339963913,0.7212548720836639
Nfib,1.75349681019783,2.1002214407920836
Nfix,3.5081027293205262,3.7295336008071898
Nfxl1,0.5901655939221382,1.2575741469860078
Nin,2.0198865830898285,2.175827581882477
Nkiras2,1.0507138645648957,0.9654400098323822
Nmnat3,0.21146362632513047,0.2487855686247349
Nob1,0.8417142224311829,0.9441697978973389
Nov,0.20317331209778786,0.17350234016776084
Npdc1,2.0752052330970763,2.0957324743270873
Nphs1,1.0999681305885316,1.2744347584247588
Nppc,0.8613784676790237,1.1037433063983917
Npr3,0.2666746911406517,0.2556856344640255
Nptx2,1.7298038494586945,2.1449788570404054
Nqo1,11.689926071166992,12.552958965301514
Nr2f2,0.34574620008468626,0.3867030921578407
Nr2f6,0.8350992327928544,0.7958410620689392
Nr4a1,0.5531118583679199,0.766079311966896
Nr5a2,0.13038749136030675,0.23491037234663964
Nrde2,0.4703236785531044,0.6513022518157959
Nrn1,0.2708020468056202,0.20610009282827377
Nrn1l,3.994866118431091,4.03341292142868
Nrp1,1.0972766959667206,1.3599699687957765
Nrp2,1.4480611085891724,1.5268541276454926
Nrxn1,5.37876823425293,5.394177923202514
Nsf,1.4840711081027984,1.7533148872852324
Nsg1,11.030323638916016,10.659001684188842
Nsg2,1.5425509023666382,1.741280779838562
Nsmf,1.7604528367519379,1.9683965456485748
Ntf3,0.5758587926626205,0.7970409172773362
Nucb1,1.574211436510086,1.6180551826953888
Nudt3,1.108224219083786,1.1597013294696807
Nwd1,1.4696343183517455,1.9217125916481017
Nxnl2,2.402506527900696,2.661893961429596
Nxph3,1.9882543671131134,2.014471638202667
Ocrl,0.8158133548498153,0.9282298940420151
Ogt,1.8772110390663146,2.1198688077926637
Olfm1,7.352791028022766,6.667714800834656
Olfm4,0.31810692757368086,0.3502501207590103
Olig1,1.5850789165496826,1.9897440552711487
Olig2,0.9692033791542053,1.1429028356075286
Ophn1,1.166919150352478,1.2172902131080627
Oprd1,0.11213102139532566,0.11184084840118885
Optn,0.13591314256191253,0.1587261028587818
Ormdl3,5.125585470199585,5.364308204650879
Osbpl1a,2.023210020065308,2.1385402202606203
Oscp1,2.661371247768402,2.7701651453971863
P2rx4,1.1860331547260285,1.121692543029785
Pacsin3,1.186793338060379,1.4636400055885315
Pafah1b3,1.5917513406276702,1.4837563490867616
Pak6,0.7100985151529312,0.8856025779247284
Pak7,0.7713018268346786,0.7867264717817306
Palm2,0.7385066348314285,0.8439345932006836
Panct2,0.6254723095893859,0.6302075070142746
Pappa,1.5100740146636964,1.6709451711177825
Papss2,0.9567164963483811,1.1009092128276825
Pard3b,0.5778721767663956,0.6809842133522034
Pard3bos2,0.5150011995434761,0.41790311634540556
Pard6b,0.7567846924066544,0.8283322918415069
Pbx1,0.9916509985923767,1.1176896262168885
Pbx3,1.499101938009262,1.6423679423332214
Pbxip1,0.5957029169797897,0.5756515008211136
Pcca,0.8955151951313018,0.9488435059785842
Pcdh1,0.64957539498806,0.7363668864965439
Pcdh10,1.1506903302669524,1.1834753525257111
Pcdh11x,0.9688346147537231,1.0230827009677887
Pcdh17,3.6350562977790832,2.5117287158966066
Pcdh19,0.9800248169898986,0.9708345520496369
Pcdh7,2.1575966358184813,2.6605820298194884
Pcdh8,1.1257384753227233,1.5329420912265777
Pcdh9,1.4525547206401825,1.69949840426445
Pcolce2,5.580737566947937,6.025693426132202
Pcp4l1,22.916146755218506,26.43524036407471
Pcsk1,0.20639043062925339,0.19320740923285484
Pcsk1n,0.7168315541744232,0.7713581329584122
Pcsk2,0.5704042375087738,0.5710221379995346
Pdcd6,1.6231685698032379,1.6736102783679963
Pde10a,0.8617897927761078,1.3834045720100403
Pde1c,3.818336756229401,4.350022068023682
Pde4a,4.013416466712951,4.803435225486755
Pde4d,0.3654554784297943,0.3013535711169243
Pde4dip,0.8692898046970368,0.9989783120155334
Pde6d,3.387597405910492,3.4215950751304627
Pde7b,1.4950698602199555,1.3354682731628418
Pde8a,0.1985463935136795,0.21547383442521095
Pdgfa,0.7699338549375534,0.9215838664770126
Pdgfra,0.17215793579816818,0.23785502791404725
Pdk1,0.40113321632146837,0.45301360487937925
Pdlim1,1.9236281836032867,2.195732033252716
Pdlim2,0.1579061222076416,0.13094651915133
Pdrg1,1.5528627109527589,1.6614606177806854
Pdzd2,1.3063822412490844,1.5927195048332214
Pecam1,0.28104601725935935,0.23949111759662628
Peg3,2.2476110792160036,3.0606820011138915
Pfdn5,3.0925152587890623,3.084564280509949
Pfkp,1.0324458301067352,1.1342369556427
Pfn2,1.8315080571174622,1.919728456735611
Pgf,0.2503458380699158,0.2987799882888794
Pgm2l1,0.111590191796422,0.11538921780884266
Phactr1,0.9535123664140701,1.0899561333656311
Phactr2,0.5827526992559433,0.6887138438224792
Phlda1,0.3565223890542984,0.382348438501358
Pid1,0.20582137808203696,0.5052986508607864
Pifo,2.1133379220962523,2.022685731649399
Pik3ip1,0.7487287580966949,0.6272448307275772
Pim1,0.8912060737609864,0.7557156729698181
Pirt,0.744478611946106,0.7444293266534805
Pitpnc1,1.5187760376930237,1.641157909631729
Pitpnm3,0.30332699954509734,0.4358454439043999
Pkia,2.048800667524338,2.1692302680015563
Pkib,2.0818109941482543,2.1057013845443726
Pkm,5.441054811477661,5.6632946014404295
Pla2g16,0.4062285602092743,0.3665939712524414
Plac8,0.5535218632221222,0.6182960492372512
Plcb4,1.147775832414627,1.3082649338245391
Plcxd3,0.8201167231798172,1.0782748508453368
Plekhb1,5.256105132102967,5.952500600814819
Plk2,0.11464535415172578,0.09325141780078411
Pllp,1.0269902712106704,0.9518992185592652
Plppr1,0.48060033172369004,0.5350770807266235
Plvap,0.4354051065444946,0.43010785400867463
Plxna1,1.451254757642746,1.990014555454254
Plxna3,1.0268490654230118,1.24890527009964
Plxna4,2.033943190574646,2.164065752029419
Plxnb3,0.2602263739705086,0.2542928548157215
Plxnd1,0.22328380927443503,0.2144785813987255
Pmepa1,2.1847148609161375,2.5157590961456298
Pnmal1,1.5542253696918487,1.4054871094226837
Polr2j,1.5141704535484315,1.4381628346443176
Pon3,1.4466313529014587,1.4745027101039887
Por,1.0335677528381348,1.0490215122699738
Ppa1,26.860879211425782,22.460731239318847
Ppargc1a,1.6563528525829314,1.7069153654575349
Ppdpf,2.081383707523346,1.6957031762599946
Ppef1,0.5888492828607559,0.5999572098255157
Ppp1cb,1.7808764684200287,2.0829797315597536
Ppp1r14b,3.525439772605896,3.7040244460105898
Ppp1r14c,1.9759233844280244,1.93724773645401
Ppp1r15a,2.347296004295349,1.5427157270908356
Ppp1r15b,1.935526750087738,1.7342632079124451
Ppp1r16b,0.381373772919178,0.36123786985874173
Ppp1r1a,2.325181758403778,2.280087389945984
Ppp1r3b,0.3904278075695038,0.3623724403977394
Ppp1r3c,0.2571174703538418,0.32669248402118684
Ppp1r42,1.2132280921936036,1.2688459134101868
Ppp2r2b,0.879284052848816,0.8651088982820511
Ppp2r2c,1.5771730613708497,1.9501804292201996
Ppp3ca,2.205393018722534,2.2832015132904053
Ppp3r1,0.9758379364013672,0.9276036638021469
Prcd,0.14122251465916633,0.12595599047839642
Prdx1,2.9885989665985107,2.688143298625946
Prdx2,2.341327724456787,2.542695426940918
Prdx5,1.8174468243122102,1.8709612786769867
Prkar1a,1.8922591257095336,1.9881937515735626
Prkcd,0.18485846161842345,0.19754178181290627
Prkd1,0.19504422217607498,0.23393825218081474
Prkd2,0.46030063956975936,0.5227232018113136
Prnp,4.231353087425232,4.298337788581848
Prom1,0.6999961072206498,0.9317934727668762
Proser2,0.23928102016448974,0.3165709587931633
Prpf4,1.760188661813736,1.8968412280082703
Prr15,0.733345759510994,0.8581719034910202
Prr15l,0.37306469172239304,0.30704001009464266
Prrc2a,1.440770126581192,1.5993798410892486
Prrc2b,3.4641053795814516,3.677111494541168
Prrg4,0.41764280647039415,0.35780057102441787
Psen2,2.7207953047752382,2.8300102090835573
Psmd14,1.789296498298645,1.5901552951335907
Ptchd1,0.7357126712799072,0.9543874305486679
Ptdss2,1.977660026550293,2.14840113401413
Pten,2.387139387130737,2.6762424373626708
Pth2,2.9959057116508485,2.9693380784988403
Ptma,5.299257783889771,4.0558588457107545
Ptms,2.63208859205246,2.393448233604431
Ptn,5.079370861053467,4.856130342483521
Ptp4a3,3.357555980682373,3.6118538188934326
Ptprd,0.16732131242752074,0.15953842252492906
Ptprn,0.7405702090263366,0.9153937190771103
Ptprn2,0.17718721225857734,0.1570939040184021
Ptprr,1.4375477349758148,1.414393754005432
Ptprs,2.982854375839233,3.1885325646400453
Ptprz1,0.6242614752054214,0.5382560664415359
R3hdm1,1.8797292053699493,2.0760176301002504
Rab36,1.5798452663421632,1.8332094419002534
Rab37,0.6107539999485015,0.7867814534902573
Rab3b,1.551443349123001,1.6647598206996919
Rab3gap1,1.8463200569152831,1.9779486238956452
Rab6b,2.6699697399139404,2.6496398663520813
Racgap1,0.5071715447306633,0.5307030653953553
Ralb,0.5607061004638672,0.6205979007482528
Ralyl,0.49456029951572417,0.539434918165207
Rangap1,1.120275250673294,1.262291522026062
Rap1gds1,2.970111744403839,3.123400418758392
Rarb,0.27441528379917146,0.4567871069908142
Rarg,1.8083318436145783,1.936057162284851
Rarres1,0.09894248120486736,0.08458562184125185
Rasgrp4,0.9129689389467239,1.5547754907608031
Rasl10a,0.30681565284729007,0.2063731874525547
Rasl11a,1.4527787125110627,2.162547972202301
Rassf4,1.462444988489151,1.4271011197566985
Rbm44,0.1634273998439312,0.1834481054544449
Rbm4b,1.2468536269664765,1.5174817776679992
Rbms1,1.8138721525669097,2.0707199716567994
Rell1,0.6528162354230881,0.7337857580184937
Resp18,0.6543473953008652,0.8682325524091721
Retreg1,2.35373907327652,2.4630920696258545
Rexo2,2.194102761745453,2.275579493045807
Rflnb,0.5063060975074768,0.6666142427921296
Rfx3,1.7106674230098724,1.8503000545501709
Rfx4,0.5495339530706406,0.6452648138999939
Rgs20,0.6441869401931762,0.7448263388872146
Rgs22,0.2649861815571785,0.26781189799308774
Rgs6,1.1753913342952729,1.3838104605674744
Rgs7,0.9865212017297744,0.8766090399026871
Rgs7bp,0.4917104199528694,0.47834375470876694
Rheb,1.4604934918880463,1.6137985408306121
Rhoq,1.9822745168209075,2.1347257494926453
Ric8b,5.2697782135009765,5.332550625801087
Rims2,1.4017138910293578,1.4876439213752746
Rims3,1.1011879181861877,1.1920499324798584
Rit2,0.18010012581944465,0.1527325663715601
Rnd2,0.8744035345315934,0.9970256209373474
Rnf121,0.9835494285821915,1.0845607209205628
Rnf128,2.200998387336731,2.3185634541511537
Rnf150,1.6443096542358397,1.9612457036972046
Rnf152,0.5844657361507416,0.7290180426836014
Rnf185,1.155165057182312,0.9837559622526169
Rnf20,1.1849171543121337,1.3102508985996246
Robo2,2.1954021143913267,2.476079523563385
Rogdi,1.6559179854393005,1.618391844034195
Rp2,2.3561825799942016,2.679102101325989
Rprm,1.176882220506668,1.0574165898561478
Rragd,1.0129361319541932,1.0500954806804657
Rsph1,2.0296116316318513,1.9644978189468383
Rtn1,11.212579517364501,11.31937668800354
Rtp1,2.3094840097427367,2.5398233938217163
Rtp2,2.480632426738739,2.7670529675483704
Rufy3,3.0234928369522094,3.2870927810668946
S100a1,0.41899340093135834,0.4292015346884728
S100a10,0.20058531939983368,0.1631314727663994
S100a13,1.5688137888908387,1.5762288177013397
S100a2,0.3529905869066715,0.22317710220813752
S100a3,0.9471875667572022,1.2666669690608978
S100a4,0.22857358157634736,0.23301445201039314
S100a5,203.9796990966797,176.41471450805665
S100a6,3.818654954433441,5.120946869850159
S100z,0.4675928044319153,0.41306837916374206
Sae1,2.161279923915863,2.185427038669586
Samm50,1.7048084032535553,1.6717949986457825
Saraf,5.7146453762054445,5.665162105560302
Scaper,1.023836942911148,1.1046751236915588
Scg2,1.0527758371829987,0.76077587723732
Scg3,2.1747085285186767,2.0437811052799226
Scgn,1.3057849705219269,1.305121372938156
Scn1b,0.1489445386081934,0.18320417933166028
Scn3a,0.79635387301445,0.9543590641021729
Scn3b,1.8923705446720123,2.4896461844444273
Scn4b,1.538987706899643,2.0049106311798095
Scn8a,1.3846311819553376,1.7232515466213227
Scn9a,5.635834255218506,5.708652400970459
Scnn1a,0.2507533740997314,0.2524482427537441
Scube3,0.19614591732621192,0.2396399448812008
Sdc2,1.633349151611328,1.8296286416053773
Sec14l5,1.4900892674922943,1.8199642980098725
Sel1l,1.22476038813591,1.214832785129547
Selenof,2.7384821653366087,2.873770158290863
Selenom,3.319736535549164,3.628714964389801
Selenos,2.9432714009284973,2.846799314022064
Selenot,3.258755159378052,3.243531672954559
Sem1,2.4798006582260133,2.3421812295913695
Sema3a,0.285947085916996,0.29501118540763854
Sema3e,0.6346569693088532,0.6757914954423905
Sema4g,0.48000574052333833,0.47547572940587995
Sema6c,0.3570631667971611,0.4051269707083702
Sema7a,1.6887771928310393,1.775672823190689
Sept3,2.3717625522613526,2.9843137788772585
Serinc2,1.0768141996860505,1.3225289571285248
Serp2,0.8588054811954499,0.897991846203804
Serpinb1a,0.2946322904527187,0.08177478682249785
Serpinb8,0.1747620639204979,0.23476437658071517
Serpine2,8.36317042350769,7.722783098220825
Sesn3,1.2785256946086883,1.507656682729721
Setbp1,1.176675750017166,1.4406404304504394
Sez6l2,0.077254404053092,0.12204590164124966
Sft2d2,0.7184063452482223,0.7360637325048447
Sgca,0.19665631741285325,0.2824481962621212
Sgms1,0.1256271357834339,0.10627541050314904
Sgpl1,3.6913867354393006,3.727087149620056
Sgtb,1.8821859467029571,1.8453938174247742
Sh2b2,0.3184383410215378,0.5024711975455284
Sh3bgrl,2.5515582513809205,2.6178617429733277
Sh3bgrl3,1.460984878540039,1.3867195332050324
Sh3gl3,0.08604256860911846,0.10409668438136578
Sh3glb2,2.079715001583099,2.173383283615112
Shc3,0.18376188859343529,0.276147462874651
Sik1,0.21488042697310447,0.28209214001893995
Sirpa,0.27692131489515304,0.3349007976055145
Sirt2,1.720916508436203,1.6951126146316529
Slc12a2,3.1144744086265566,3.5935145473480223
Slc16a11,2.47916651725769,2.2506113147735594
Slc16a7,0.6820630979537964,0.7902139276266098
Slc17a6,2.580292036533356,2.6740365695953368
Slc1a2,2.920680294036865,3.4086786103248596
Slc22a17,1.4073592793941498,1.4292557346820831
Slc22a23,1.0188407015800476,1.1933782196044922
Slc24a2,2.477372088432312,2.5444893074035644
Slc25a3,3.184812054634094,3.1324084877967833
Slc25a33,1.7813929450511932,1.6316273677349091
Slc27a2,2.1362395977973936,2.231018283367157
Slc2a4,0.1866817519068718,0.12069323271512986
Slc35f4,0.4069544956088066,0.3410618531703949
Slc38a1,0.2306067006289959,0.20020929157733916
Slc43a2,1.0108772987127304,1.1702547264099121
Slc4a4,2.2610256695747375,2.4745724749565126
Slc5a3,0.3221913492679596,0.54527059674263
Slc5a8,0.14261050581932067,0.14981783740222454
Slc6a17,0.8863549590110779,1.339566855430603
Slc6a6,1.434380223751068,2.294120969772339
Slc8a1,1.1451750409603119,1.4147768092155457
Slc9a3r1,0.881968349814415,1.058013527393341
Slco3a1,0.7057068657875061,0.8006588798761368
Slco4c1,0.37574890464544297,0.3479767507314682
Slurp2,0.3225848163664341,0.33107086032629013
Smarca2,0.9572968542575836,1.0324259614944458
Smim12,1.361658248901367,1.2781709408760071
Smim5,0.9674315440654755,0.8123578244447708
Smkr-ps,0.8553625321388245,0.7564861530065536
Sms,1.0162252569198609,1.0984720623493194
Snap25,3.0096685910224914,3.129066836833954
Snca,4.62558346748352,4.559179515838623
Snd1,0.4831584498286247,0.44993343502283095
Sned1,0.4550622907280922,0.8127431041002273
Snhg11,0.6376571989059449,0.6471838104724884
Snn,0.38859809666872025,0.316885666847229
Snrpb,2.4029943108558656,2.5325343084335326
Snx10,1.429641352891922,1.6385325717926025
Socs2,1.0882097792625427,1.107322632074356
Socs3,0.08219206899404526,0.11656658731400966
Sorbs2,1.8068232285976409,2.146505126953125
Sorl1,1.4690972304344176,1.6144650518894195
Sowaha,1.183858106136322,1.2801624524593354
Sox13,0.2924621805548668,0.323159736096859
Sox1ot,0.13541045360267162,0.17365060344338418
Sox4,0.48675798505544665,0.6501393347978592
Spa17,2.1969092535972594,2.0908583402633667
Spats2l,0.09273861221969128,0.08281153827905655
Spcs2,2.2888085722923277,2.2731798481941223
Spcs3,1.3982106292247771,1.410361760854721
Spef2,4.884122576713562,5.053308024406433
Spint2,2.6037539076805114,2.601300983428955
Spock1,2.520244472026825,2.6400024557113646
Spock2,1.8020970153808593,1.845084983110428
Spon2,0.312256797850132,0.47734676718711855
Spop,2.5070317506790163,2.545817039012909
Spred1,0.5863276886940002,0.96080182492733
Sprr1a,0.3621028119325638,0.21128290809690953
Spry4,0.0558538293838501,0.10389134295284748
Sptbn1,2.6209027767181396,3.019011800289154
Sptlc2,0.372530819773674,0.3674116298556328
Srgap1,1.8081749522686004,1.8656979310512543
Srrm4,1.1156064462661743,1.6055604386329652
Srsf3,3.2253704190254213,2.832191586494446
Ssbp2,2.130837607383728,2.4512723898887634
Ssbp4,1.5795602929592132,1.5019734156131745
Ssx2ip,2.905448942184448,2.6667956924438476
St3gal4,1.0948868227005004,0.9188222932815552
St3gal5,0.03756219625473022,0.031319890078157185
St6gal1,0.4275160923600197,0.4562183380126953
Stac,0.27009458154439925,0.31748286992311475
Stbd1,1.7458495688438416,1.3522639679908752
Steap2,0.4567578491568565,0.4405674460530281
Stk26,0.6822493416070938,0.6882916939258575
Stmn2,3.2202070236206053,2.792812342643738
Stmn3,3.586321909427643,3.429073843955994
Stmn4,6.9611829662322995,6.111231803894043
Stmnd1,1.7993958711624145,1.576086232662201
Stom,8.309598093032838,8.626136503219605
Stoml3,49.50652629852295,46.07750648498535
Stox1,0.9131436395645142,0.9273886811733246
Stt3b,1.1079169809818268,1.2358238196372986
Stxbp5l,1.8068341672420503,1.8720627093315125
Sub1,4.207382664680481,3.7550582814216615
Sulf2,0.23374341562390327,0.16440609350800514
Sult1d1,13.625724544525147,12.781664705276489
Susd4,0.7907411867380142,0.8306806236505508
Sv2c,1.1383213818073272,1.378803427219391
Syn2,1.1717563450336457,1.3772568941116332
Syne2,1.1871336019039154,1.329440871477127
Syngr1,1.1621741950511932,1.3298110938072205
Syt1,3.5592735409736633,3.4146310830116273
Syt4,2.2941340804100037,3.34932993888855
Syt7,2.0681264638900756,2.510475206375122
Syt9,0.33020518213510514,0.48086020588874817
Sytl1,1.2918936920166015,1.1876014864444733
Sytl2,1.4192042720317841,1.7397352755069733
Tacc2,0.27710488587617876,0.2878147020936012
Tapbpl,0.7633856236934662,0.7293096792697906
Tbc1d4,0.05326903522014618,0.07063768826425075
Tbr1,0.14733353175222874,0.12867542669177057
Tcaf1,0.8099024599790573,0.7570429992675781
Tceal1,0.10726006634533405,0.09887306898832321
Tceal5,0.12296184375882149,0.13079163186252118
Tceal9,1.3384629237651824,1.3340129816532136
Tcf15,0.3035380816459656,0.2976333025097847
Tcf4,1.614886336326599,1.7497638368606567
Tcte2,0.674612985253334,0.7380438685417176
Tdrd7,0.5319608783721924,0.6118670213222503
Tenm1,0.1749412399530411,0.13759252049028872
Tenm2,2.718049318790436,2.253618698120117
Tenm4,1.0072887879610062,1.0120193564891815
Tesc,3.933549818992615,3.733566014766693
Tet3,1.0337432289123536,1.3485193812847138
Tex14,0.1393621101975441,0.17767371848225594
Tex52,1.502938655614853,1.4758981025218965
Them6,4.04875782251358,3.9567587327957154
Thra,1.4217750716209412,1.6072365367412567
Thsd7a,0.56442802131176,0.7365858185291291
Timp2,1.2245635533332824,1.2507834601402283
Tiprl,1.2603641200065612,1.2794393062591554
Tle1,0.5950104320049285,0.6666233742237091
Tle3,1.2386610698699951,2.0806029510498045
Tmbim6,20.852003574371338,16.75188346862793
Tmc5,0.7423482567071915,0.793991716504097
Tmcc1,1.0260268640518189,1.1830011367797852
Tmem117,1.1694030570983887,1.2876039004325868
Tmem132a,0.6543853205442428,0.8418618428707123
Tmem151a,1.0874779725074768,1.0990378201007842
Tmem159,0.9392189830541611,0.8729146069288254
Tmem163,0.23436280965805054,0.2411542110145092
Tmem178,0.5042433941364288,0.503572152853012
Tmem200c,0.5116386386752129,0.45893692433834077
Tmem204,0.20271035104990007,0.21689434066414834
Tmem256,1.3436230742931365,1.1684174418449402
Tmem52,0.3117231616377831,0.345237030684948
Tmem57,1.2192683160305022,1.3531258988380432
Tmem59l,1.0191951256990432,1.068506006002426
Tmem64,2.1427507972717286,2.4785073375701905
Tmem74bos,3.8250654840469362,3.7997961235046387
Tmprss6,1.5156697964668273,1.678907378911972
Tmsb10,1.7243783354759217,1.4142135095596313
Tmtc2,1.0496742689609528,1.2656969344615936
Tmx3,1.806939754486084,1.8331662452220916
Tnni3k,0.525822249352932,0.6673549348115921
Tnrc6c,2.9273748230934142,3.015560414791107
Tpcn1,0.5179057416319847,0.5453709256649018
Tpd52,1.5886761391162871,1.589357635974884
Tpi1,1.763877685070038,1.7620458734035491
Tpm1,1.3889664709568024,1.539071329832077
Tpm4,0.20885380119085312,0.2107993942499161
Tppp3,2.0247365474700927,1.931831158399582
Tprgl,1.9122506165504456,1.9897732377052306
Trhde,0.21725967019796372,0.2735839258134365
Trib3,1.1262242221832275,0.9512612301111222
Trim45,2.9953842997550963,2.8850802636146544
Trim47,0.28641004413366317,0.3963837844133377
Trnp1,3.7560439109802246,3.6456031131744386
Trp53i11,0.4189541548490524,0.5028712847828865
Trp53inp2,0.9484863924980164,1.616854716539383
Trps1,1.3498114836215973,1.6272411358356476
Tsc22d1,4.922768931388855,6.549749183654785
Tshz1,3.73438129901886,3.670090637207031
Tshz2,8.575228672027588,8.289191150665284
Tspan12,0.3324690169095993,0.3932570773363113
Tspan13,2.1992898869514463,2.142158074378967
Tspan3,2.8243989515304566,2.8516649627685546
Tspan7,3.59339252948761,3.7948772215843203
Tspo,0.4344435676932335,0.4183783406019211
Tspyl4,3.021344470977783,3.3501455068588255
Tstd1,2.869402542114258,2.503448088169098
Ttc9,1.702669062614441,1.8274153184890747
Ttc9b,0.9791090917587281,0.8839682394266128
Ttll3,2.3391309905052187,2.850114977359772
Ttll6,2.643435797691345,2.6446891760826112
Ttll7,4.662888045310974,4.659702963829041
Ttyh2,0.20343137830495833,0.21510002449154852
Tub,1.1990051984786987,1.4098447287082672
Tuba1a,13.79201045036316,10.080161027908325
Tuba4a,1.9382529413700105,2.0211550879478453
Tubb2b,0.6082426881790162,0.49044460922479627
Tubb3,3.083240315914154,3.285919418334961
Tubb4b,6.220914063453674,4.803452515602112
Tulp4,1.6540751719474793,1.7540346276760101
Tusc5,1.7700486254692078,1.7507189893722535
Twist2,0.3763887521624565,0.4642214015126228
Txn1,2.3115263628959655,2.1419028520584105
Txndc5,0.6194105535745621,0.6342245727777481
Txnip,0.4463264957070351,0.3792290225625038
Ubb,7.864782400131226,7.586011238098145
Ubc,2.5676092004776,2.298673973083496
Ube2g1,1.5573282122612,1.8471019268035889
Ube2ql1,0.17961522340774536,0.25270826369524
Ubl3,3.7763174676895144,4.803316650390625
Ublcp1,0.8094810426235199,1.109165095090866
Uchl1,4.48977900981903,4.817177658081055
Uckl1os,1.6154434752464295,1.3917544186115265
Ucp2,2.3840330815315247,2.272052881717682
Umodl1,5.402811732292175,6.106151914596557
Unc119b,0.7324468165636062,0.8144309258460999
Unc13c,1.53804931640625,1.5041511464118957
Unc45a,1.4293035030364991,1.7289834129810333
Unc5b,1.4103769063949585,1.3592990517616272
Uncx,3.3663639497756956,3.499933731555939
Uox,0.20040261939167978,0.16860463351011276
Usp21,1.5357357501983642,1.6087475895881653
Uxs1,1.0130995166301728,1.2121472239494324
Vim,0.2757709462940693,0.2507311178743839
Vldlr,0.7544353753328323,0.7146783620119095
Vmp1,0.9505534845590592,0.8567757290601731
Vps33b,1.1160549414157868,0.909701657295227
Vsnl1,1.5820448565483094,1.8076958775520324
Vwf,0.17149330511689187,0.24185669258236886
Wbp1,1.5823677611351012,1.6366305339336396
Wdr17,1.4776904785633087,1.4906160008907319
Wdr54,1.7601670944690704,1.6036452901363374
Wee2,0.4862878265976906,0.4490449669957161
Wipf3,0.17654995799064635,0.19245932534337043
Xntrpc,0.2672955231368542,0.3164378908276558
Xrcc6,1.2984474992752075,1.2784002423286438
Ypel3,3.954899077415466,3.5912443590164185
Ypel4,1.2487631404399873,1.551165828704834
Zadh2,0.4999995136260986,0.6083030951023102
Zc2hc1a,1.6288515198230744,1.7095693910121919
Zc3hav1,1.028892633318901,1.063704787492752
Zcchc12,0.632738367319107,0.6318726325035096
Zdhhc18,1.3669433641433715,1.348619978427887
Zfand2a,1.1149130022525788,1.11876708984375
Zfp365,0.2640045167505741,0.23899368852376937
Zfp385b,2.019372217655182,2.0482796728610992
Zfp407,1.274420028924942,1.5321496725082397
Zfp422,0.28405542731285094,0.3012263745069504
Zfp462,1.0387284815311433,0.970830757021904
Zfp78,0.4038630443811417,0.43910045474767684
Zfpm2,0.16331710278987885,0.1803878490626812
Zmynd8,1.6530852019786835,2.066155877113342
